<?xml version="1.0" encoding="UTF-8"?>
<ns2:ExportConfiguration xmlns:ns1="http://digev.com/uri/products/Types/xsd/1.0" xmlns:ns10="http://soa.com/uri/products/IdentityAuthorization/xsd/1.0" xmlns:ns11="http://soa.com/uri/products/Policy/xsd/1.0" xmlns:ns12="http://digev.com/uri/products/AlertManager/xsd/1.0" xmlns:ns13="http://soa.com/uri/products/Contracts/xsd/1.0" xmlns:ns14="http://digev.com/uri/products/PolicyManager/xsd/1.0" xmlns:ns15="urn:uddi-org:sub_v3" xmlns:ns2="http://www.soa.com/uri/products/ServiceManagerMigration/xsd/1.0" xmlns:ns3="http://digev.com/uri/products/ManagementServer/xsd/1.0" xmlns:ns4="http://www.soa.com/uri/products/SLAPolicy/xsd/1.0" xmlns:ns5="urn:uddi-org:api_v3" xmlns:ns6="http://www.w3.org/2000/09/xmldsig#" xmlns:ns7="http://soa.com/uri/products/ServiceProperties/1.0" xmlns:ns8="http://soa.com/uri/products/ServiceEndpointProperties/1.0" xmlns:ns9="http://soa.com/uri/products/Organization/xsd/1.0"><ns2:SourceOrganization><ns1:Key>uddi:soa.com:registryorganization</ns1:Key></ns2:SourceOrganization><ns2:ExportObjectConfiguration><ns1:OrganizationKey><ns1:Key>uddi:88af7f2a-b593-11e4-86ce-86c450a25418</ns1:Key></ns1:OrganizationKey><ns2:ExportOrganization><ns9:Organization><ns9:OrganizationKey><ns1:Key>uddi:88af7f2a-b593-11e4-86ce-86c450a25418</ns1:Key></ns9:OrganizationKey><ns9:ParentKey><ns1:Key>uddi:soa.com:registryorganization</ns1:Key></ns9:ParentKey><ns9:Name>Box API Integration</ns9:Name><ns9:Description></ns9:Description><ns9:OrganizationType>Project</ns9:OrganizationType></ns9:Organization><ns5:businessEntity businessKey="uddi:88af7f2a-b593-11e4-86ce-86c450a25418"><ns5:name>Box API Integration</ns5:name><ns5:categoryBag><ns5:keyedReferenceGroup tModelKey="uddi:soa.com:organization:group"><ns5:keyedReference keyName="Organization type" keyValue="Project" tModelKey="uddi:soa.com:categorization:organizationtype"/></ns5:keyedReferenceGroup></ns5:categoryBag></ns5:businessEntity></ns2:ExportOrganization></ns2:ExportObjectConfiguration><ns2:ExportObjectConfiguration><ns1:BpelKey><ns1:Key>bpel:ec5880c3-73e7-11e4-8041-92f47835f0a7</ns1:Key></ns1:BpelKey><ns2:ExportBpel><ns2:BpelUri>bpels/bpel_ec5880c3-73e7-11e4-8041-92f47835f0a7.xml</ns2:BpelUri></ns2:ExportBpel></ns2:ExportObjectConfiguration><ns2:ExportObjectConfiguration><ns1:BpelKey><ns1:Key>bpel:6baecaf4-6f33-11e4-8fed-dad2b3c7c30a</ns1:Key></ns1:BpelKey><ns2:ExportBpel><ns2:BpelUri>bpels/bpel_6baecaf4-6f33-11e4-8fed-dad2b3c7c30a.xml</ns2:BpelUri></ns2:ExportBpel></ns2:ExportObjectConfiguration><ns2:ExportObjectConfiguration><ns1:BpelKey><ns1:Key>bpel:0b25d926-ba2a-11e4-b601-c3008ab26c84</ns1:Key></ns1:BpelKey><ns2:ExportBpel><ns2:BpelUri>bpels/bpel_0b25d926-ba2a-11e4-b601-c3008ab26c84.xml</ns2:BpelUri></ns2:ExportBpel></ns2:ExportObjectConfiguration><ns2:ExportObjectConfiguration><ns1:BpelKey><ns1:Key>bpel:bf1a3a40-8a3e-11e4-b5c8-fd5ef4f56435</ns1:Key></ns1:BpelKey><ns2:ExportBpel><ns2:BpelUri>bpels/bpel_bf1a3a40-8a3e-11e4-b5c8-fd5ef4f56435.xml</ns2:BpelUri></ns2:ExportBpel></ns2:ExportObjectConfiguration><ns2:ExportObjectConfiguration><ns1:BpelKey><ns1:Key>bpel:581480b3-9c76-11e4-86cb-9dd3afff76de</ns1:Key></ns1:BpelKey><ns2:ExportBpel><ns2:BpelUri>bpels/bpel_581480b3-9c76-11e4-86cb-9dd3afff76de.xml</ns2:BpelUri></ns2:ExportBpel></ns2:ExportObjectConfiguration><ns2:ExportObjectConfiguration><ns1:InterfaceKey><ns1:Key>uddi:d20279c4-855f-b85a-8e68-a4e710409060</ns1:Key><ns1:InterfaceQName>{http://www.soa.com/trialleads}TrialLeads_API_PortType</ns1:InterfaceQName></ns1:InterfaceKey><ns2:ExportInterface><ns5:tModel deleted="false" tModelKey="uddi:d20279c4-855f-b85a-8e68-a4e710409060"><ns5:name>TrialLeads_API_PortType</ns5:name><ns5:categoryBag><ns5:keyedReference keyName="WSDL type" keyValue="portType" tModelKey="uddi:uddi.org:wsdl:types"/><ns5:keyedReference keyName="portType namespace" keyValue="http://www.soa.com/trialleads" tModelKey="uddi:uddi.org:xml:namespace"/></ns5:categoryBag></ns5:tModel><ns2:InterfaceWsdlUri>wsdls/uddi_d20279c4-855f-b85a-8e68-a4e710409060.wsdl</ns2:InterfaceWsdlUri></ns2:ExportInterface></ns2:ExportObjectConfiguration><ns2:ExportObjectConfiguration><ns1:InterfaceKey><ns1:Key>uddi:92a520cb-7787-53fd-1cc4-815a6d572734</ns1:Key><ns1:InterfaceQName>{https://na4.salesforce.com/services/data/v20.0/}SalesforceV20_API_PortType</ns1:InterfaceQName></ns1:InterfaceKey><ns2:ExportInterface><ns5:tModel deleted="false" tModelKey="uddi:92a520cb-7787-53fd-1cc4-815a6d572734"><ns5:name>SalesforceV20_API_PortType</ns5:name><ns5:categoryBag><ns5:keyedReference keyName="WSDL type" keyValue="portType" tModelKey="uddi:uddi.org:wsdl:types"/><ns5:keyedReference keyName="portType namespace" keyValue="https://na4.salesforce.com/services/data/v20.0/" tModelKey="uddi:uddi.org:xml:namespace"/></ns5:categoryBag></ns5:tModel><ns2:InterfaceWsdlUri>wsdls/uddi_92a520cb-7787-53fd-1cc4-815a6d572734.wsdl</ns2:InterfaceWsdlUri></ns2:ExportInterface></ns2:ExportObjectConfiguration><ns2:ExportObjectConfiguration><ns1:InterfaceKey><ns1:Key>uddi:2efde530-cd3d-3bf4-8035-f4eef7bdb6ee</ns1:Key><ns1:InterfaceQName>{https://login.salesforce.com/services/oauth2}SalesforceAuthentication_PortType</ns1:InterfaceQName></ns1:InterfaceKey><ns2:ExportInterface><ns5:tModel deleted="false" tModelKey="uddi:2efde530-cd3d-3bf4-8035-f4eef7bdb6ee"><ns5:name>SalesforceAuthentication_PortType</ns5:name><ns5:categoryBag><ns5:keyedReference keyName="WSDL type" keyValue="portType" tModelKey="uddi:uddi.org:wsdl:types"/><ns5:keyedReference keyName="portType namespace" keyValue="https://login.salesforce.com/services/oauth2" tModelKey="uddi:uddi.org:xml:namespace"/></ns5:categoryBag></ns5:tModel><ns2:InterfaceWsdlUri>wsdls/uddi_2efde530-cd3d-3bf4-8035-f4eef7bdb6ee.wsdl</ns2:InterfaceWsdlUri></ns2:ExportInterface></ns2:ExportObjectConfiguration><ns2:ExportObjectConfiguration><ns1:BindingKey><ns1:Key>uddi:3843dedd-8d3e-3f89-0dd3-4983132d1fd0</ns1:Key><ns1:BindingQName>{http://www.soa.com/trialleads}TrialLeads_API_Binding</ns1:BindingQName><ns1:BindingType>binding.http</ns1:BindingType></ns1:BindingKey><ns2:ExportBinding><ns5:tModel deleted="false" tModelKey="uddi:3843dedd-8d3e-3f89-0dd3-4983132d1fd0"><ns5:name>TrialLeads_API_Binding</ns5:name><ns5:categoryBag><ns5:keyedReference keyName="uddi-org:types" keyValue="wsdlSpec" tModelKey="uddi:uddi.org:categorization:types"/><ns5:keyedReference keyName="portType Reference" keyValue="uddi:d20279c4-855f-b85a-8e68-a4e710409060" tModelKey="uddi:uddi.org:wsdl:porttypereference"/><ns5:keyedReference keyName="WSDL type" keyValue="binding" tModelKey="uddi:uddi.org:wsdl:types"/><ns5:keyedReference keyName="binding namespace" keyValue="http://www.soa.com/trialleads" tModelKey="uddi:uddi.org:xml:namespace"/></ns5:categoryBag></ns5:tModel><ns2:BindingWsdlUri>wsdls/uddi_3843dedd-8d3e-3f89-0dd3-4983132d1fd0.wsdl</ns2:BindingWsdlUri></ns2:ExportBinding></ns2:ExportObjectConfiguration><ns2:ExportObjectConfiguration><ns1:BindingKey><ns1:Key>uddi:10cecae7-8cef-20d3-cd83-ecf77402aa6c</ns1:Key><ns1:BindingQName>{https://na4.salesforce.com/services/data/v20.0/}SalesforceV20_API_Binding</ns1:BindingQName><ns1:BindingType>binding.http</ns1:BindingType></ns1:BindingKey><ns2:ExportBinding><ns5:tModel deleted="false" tModelKey="uddi:10cecae7-8cef-20d3-cd83-ecf77402aa6c"><ns5:name>SalesforceV20_API_Binding</ns5:name><ns5:categoryBag><ns5:keyedReference keyName="uddi-org:types" keyValue="wsdlSpec" tModelKey="uddi:uddi.org:categorization:types"/><ns5:keyedReference keyName="portType Reference" keyValue="uddi:92a520cb-7787-53fd-1cc4-815a6d572734" tModelKey="uddi:uddi.org:wsdl:porttypereference"/><ns5:keyedReference keyName="WSDL type" keyValue="binding" tModelKey="uddi:uddi.org:wsdl:types"/><ns5:keyedReference keyName="binding namespace" keyValue="https://na4.salesforce.com/services/data/v20.0/" tModelKey="uddi:uddi.org:xml:namespace"/></ns5:categoryBag></ns5:tModel><ns2:BindingWsdlUri>wsdls/uddi_10cecae7-8cef-20d3-cd83-ecf77402aa6c.wsdl</ns2:BindingWsdlUri></ns2:ExportBinding></ns2:ExportObjectConfiguration><ns2:ExportObjectConfiguration><ns1:BindingKey><ns1:Key>uddi:69eb6109-5a11-7127-04a4-f1f28b7ecf04</ns1:Key><ns1:BindingQName>{https://login.salesforce.com/services/oauth2}SalesforceAuthentication_Binding</ns1:BindingQName><ns1:BindingType>binding.http</ns1:BindingType></ns1:BindingKey><ns2:ExportBinding><ns5:tModel deleted="false" tModelKey="uddi:69eb6109-5a11-7127-04a4-f1f28b7ecf04"><ns5:name>SalesforceAuthentication_Binding</ns5:name><ns5:categoryBag><ns5:keyedReference keyName="uddi-org:types" keyValue="wsdlSpec" tModelKey="uddi:uddi.org:categorization:types"/><ns5:keyedReference keyName="portType Reference" keyValue="uddi:2efde530-cd3d-3bf4-8035-f4eef7bdb6ee" tModelKey="uddi:uddi.org:wsdl:porttypereference"/><ns5:keyedReference keyName="WSDL type" keyValue="binding" tModelKey="uddi:uddi.org:wsdl:types"/><ns5:keyedReference keyName="binding namespace" keyValue="https://login.salesforce.com/services/oauth2" tModelKey="uddi:uddi.org:xml:namespace"/></ns5:categoryBag></ns5:tModel><ns2:BindingWsdlUri>wsdls/uddi_69eb6109-5a11-7127-04a4-f1f28b7ecf04.wsdl</ns2:BindingWsdlUri></ns2:ExportBinding></ns2:ExportObjectConfiguration><ns2:ExportObjectConfiguration><ns1:ServiceKey><ns1:Key>uddi:25734f6f-71c4-11e4-b9af-fdd44115e303</ns1:Key><ns1:ServiceQName>{https://na4.salesforce.com/services/data/v20.0/}SalesforceV20_API</ns1:ServiceQName></ns1:ServiceKey><ns2:ExportService><ns3:PhysicalService BusinessKey="uddi:88af7f2a-b593-11e4-86ce-86c450a25418" Discovered="false" ServiceKey="uddi:25734f6f-71c4-11e4-b9af-fdd44115e303" WsdlServiceLocalName="SalesforceV20_API" WsdlTargetNamespaceUrl="https://na4.salesforce.com/services/data/v20.0/"><ns3:Name>SalesforceV20_API</ns3:Name><ns3:Description></ns3:Description><ns3:Operations><ns3:Operation InterfaceName="{https://na4.salesforce.com/services/data/v20.0/}SalesforceV20_API_PortType" ManagementState="Enabled" NumOfVirtualizedOperations="0" OperationKey="edce69af-97c0-11e4-bfec-8fb3ddad882e" OperationLastUpdatedAt="2015-01-09T05:32:41.970Z" OperationName="GET /query" PolicyAvailable="true" ServiceKey="uddi:25734f6f-71c4-11e4-b9af-fdd44115e303" WsdlOperationName="GET__query"/><ns3:Operation InterfaceName="{https://na4.salesforce.com/services/data/v20.0/}SalesforceV20_API_PortType" ManagementState="Enabled" NumOfVirtualizedOperations="0" OperationKey="edd03e74-97c0-11e4-bfec-8fb3ddad882e" OperationLastUpdatedAt="2015-01-09T05:32:41.970Z" OperationName="GET /sobjects/Account/{id}" PolicyAvailable="true" ServiceKey="uddi:25734f6f-71c4-11e4-b9af-fdd44115e303" WsdlOperationName="GET__sobjects_Account__id_"/><ns3:Operation InterfaceName="{https://na4.salesforce.com/services/data/v20.0/}SalesforceV20_API_PortType" ManagementState="Enabled" NumOfVirtualizedOperations="0" OperationKey="edd3e7f9-97c0-11e4-bfec-8fb3ddad882e" OperationLastUpdatedAt="2015-01-09T05:32:41.970Z" OperationName="GET /sobjects/Lead/{id}" PolicyAvailable="true" ServiceKey="uddi:25734f6f-71c4-11e4-b9af-fdd44115e303" WsdlOperationName="GET__sobjects_Lead__id_"/><ns3:Operation InterfaceName="{https://na4.salesforce.com/services/data/v20.0/}SalesforceV20_API_PortType" ManagementState="Enabled" NumOfVirtualizedOperations="0" OperationKey="edcfa231-97c0-11e4-bfec-8fb3ddad882e" OperationLastUpdatedAt="2015-01-09T05:32:41.970Z" OperationName="POST /sobjects/Account" PolicyAvailable="true" ServiceKey="uddi:25734f6f-71c4-11e4-b9af-fdd44115e303" WsdlOperationName="POST__sobjects_Account"/><ns3:Operation InterfaceName="{https://na4.salesforce.com/services/data/v20.0/}SalesforceV20_API_PortType" ManagementState="Enabled" NumOfVirtualizedOperations="2" OperationKey="edd0dab6-97c0-11e4-bfec-8fb3ddad882e" OperationLastUpdatedAt="2015-01-09T05:32:41.970Z" OperationName="POST /sobjects/Lead" PolicyAvailable="true" ServiceKey="uddi:25734f6f-71c4-11e4-b9af-fdd44115e303" WsdlOperationName="POST__sobjects_Lead"/></ns3:Operations></ns3:PhysicalService><ns5:businessService businessKey="uddi:88af7f2a-b593-11e4-86ce-86c450a25418" serviceKey="uddi:25734f6f-71c4-11e4-b9af-fdd44115e303"><ns5:name>SalesforceV20_API</ns5:name><ns5:bindingTemplates><ns5:bindingTemplate bindingKey="uddi:25983ca4-71c4-11e4-b9af-fdd44115e303" serviceKey="uddi:25734f6f-71c4-11e4-b9af-fdd44115e303"><ns5:accessPoint useType="endPoint">https://na4.salesforce.com/services/data/v20.0/</ns5:accessPoint><ns5:tModelInstanceDetails><ns5:tModelInstanceInfo tModelKey="uddi:10cecae7-8cef-20d3-cd83-ecf77402aa6c"><ns5:description>The wsdl:binding that this wsdl:port implements. The instanceParms specifies the port local name.</ns5:description><ns5:instanceDetails><ns5:instanceParms>SalesforceV20_API_port</ns5:instanceParms></ns5:instanceDetails></ns5:tModelInstanceInfo><ns5:tModelInstanceInfo tModelKey="uddi:92a520cb-7787-53fd-1cc4-815a6d572734"><ns5:description>The wsdl:portType that this wsdl:port implements.</ns5:description></ns5:tModelInstanceInfo></ns5:tModelInstanceDetails><ns5:categoryBag><ns5:keyedReference keyName="WSDL type" keyValue="port" tModelKey="uddi:uddi.org:wsdl:types"/></ns5:categoryBag></ns5:bindingTemplate></ns5:bindingTemplates><ns5:categoryBag><ns5:keyedReference keyName="Staging" keyValue="Staging" tModelKey="uddi:soa.com:servicelifecyclestage"/><ns5:keyedReference keyName="WSDL type" keyValue="service" tModelKey="uddi:uddi.org:wsdl:types"/><ns5:keyedReference keyName="service namespace" keyValue="https://na4.salesforce.com/services/data/v20.0/" tModelKey="uddi:uddi.org:xml:namespace"/><ns5:keyedReference keyName="service local name" keyValue="SalesforceV20_API" tModelKey="uddi:uddi.org:xml:localname"/><ns5:keyedReference keyName="1.0" keyValue="20bde252-4014-4c8a-81bf-9b68708d6ee5" tModelKey="uddi:soa.com:serviceversion"/><ns5:keyedReferenceGroup tModelKey="uddi:soa.com:service:group"/></ns5:categoryBag></ns5:businessService><ns2:ExportServiceEndpoint><ns8:ServiceEndpoint><ns8:ServiceKey>uddi:25734f6f-71c4-11e4-b9af-fdd44115e303</ns8:ServiceKey><ns8:Name>uddi:25983ca4-71c4-11e4-b9af-fdd44115e303</ns8:Name><ns8:Url>https://na4.salesforce.com/services/data/v20.0/</ns8:Url><ns8:BindingQName>{https://na4.salesforce.com/services/data/v20.0/}SalesforceV20_API_Binding</ns8:BindingQName><ns8:PortName>SalesforceV20_API_port</ns8:PortName><ns8:Protocol>https</ns8:Protocol></ns8:ServiceEndpoint><ns2:EndpointWsdlUri>wsdls/uddi_25983ca4-71c4-11e4-b9af-fdd44115e303.wsdl</ns2:EndpointWsdlUri></ns2:ExportServiceEndpoint></ns2:ExportService></ns2:ExportObjectConfiguration><ns2:ExportObjectConfiguration><ns1:ServiceKey><ns1:Key>uddi:42f77fbd-8a3a-11e4-b5c8-fd5ef4f56435</ns1:Key><ns1:ServiceQName>{http://www.soa.com/trialleads}TrialLeads_API_Binding</ns1:ServiceQName></ns1:ServiceKey><ns2:ExportService><ns3:VirtualService BusinessKey="uddi:88af7f2a-b593-11e4-86ce-86c450a25418" ServiceKey="uddi:42f77fbd-8a3a-11e4-b5c8-fd5ef4f56435" WsdlServiceLocalName="TrialLeads_API_Binding" WsdlTargetNamespaceUrl="http://www.soa.com/trialleads"><ns3:Name>TrialLeads_API_vs1</ns3:Name><ns3:Operations><ns3:LogicalOperation InterfaceName="{http://www.soa.com/trialleads}TrialLeads_API_PortType" ManagementState="Enabled" NumOfVirtualizedOperations="0" OperationKey="37f84c18-b312-11e4-a144-ca760559c5eb" OperationLastUpdatedAt="2015-03-09T04:40:06.303Z" OperationName="GET /leads" PolicyAvailable="true" ServiceKey="uddi:42f77fbd-8a3a-11e4-b5c8-fd5ef4f56435" WsdlOperationName="GET__leads"/><ns3:LogicalOperation InterfaceName="{http://www.soa.com/trialleads}TrialLeads_API_PortType" ManagementState="Enabled" NextHopOperationKey="uddi:7419dd65-6e92-11e4-8fed-dad2b3c7c30a$$${https://login.salesforce.com/services/oauth2}SalesforceAuthentication_PortType$$$POST__token" NextHopOperationName="POST /sobjects/Lead" NextHopServiceKey="uddi:25734f6f-71c4-11e4-b9af-fdd44115e303" NextHopServiceName="SalesforceV20_API" NumOfVirtualizedOperations="0" OperationKey="37f761b5-b312-11e4-a144-ca760559c5eb" OperationLastUpdatedAt="2015-03-09T04:40:06.303Z" OperationName="POST /leads" PolicyAvailable="true" ServiceKey="uddi:42f77fbd-8a3a-11e4-b5c8-fd5ef4f56435" WsdlOperationName="POST__leads"><ns3:NextHopOperation InterfaceName="{https://na4.salesforce.com/services/data/v20.0/}SalesforceV20_API_PortType" OperationKey="edd0dab6-97c0-11e4-bfec-8fb3ddad882e" OperationLastUpdatedAt="2015-01-09T05:32:41.970Z" OperationName="POST /sobjects/Lead" ServiceKey="uddi:25734f6f-71c4-11e4-b9af-fdd44115e303" ServiceName="SalesforceV20_API" WsdlOperationName="POST__sobjects_Lead"/></ns3:LogicalOperation></ns3:Operations></ns3:VirtualService><ns5:businessService businessKey="uddi:88af7f2a-b593-11e4-86ce-86c450a25418" serviceKey="uddi:42f77fbd-8a3a-11e4-b5c8-fd5ef4f56435"><ns5:name>TrialLeads_API_vs1</ns5:name><ns5:bindingTemplates><ns5:bindingTemplate bindingKey="uddi:380e451c-b312-11e4-a144-ca760559c5eb" serviceKey="uddi:42f77fbd-8a3a-11e4-b5c8-fd5ef4f56435"><ns5:accessPoint useType="endPoint">http://win7-64-vm:80/leads_vs1</ns5:accessPoint><ns5:tModelInstanceDetails><ns5:tModelInstanceInfo tModelKey="uddi:3843dedd-8d3e-3f89-0dd3-4983132d1fd0"><ns5:description>The wsdl:binding that this wsdl:port implements. The instanceParms specifies the port local name.</ns5:description><ns5:instanceDetails><ns5:instanceParms>HTTPS</ns5:instanceParms></ns5:instanceDetails></ns5:tModelInstanceInfo><ns5:tModelInstanceInfo tModelKey="uddi:d20279c4-855f-b85a-8e68-a4e710409060"><ns5:description>The wsdl:portType that this wsdl:port implements.</ns5:description></ns5:tModelInstanceInfo></ns5:tModelInstanceDetails><ns5:categoryBag><ns5:keyedReference keyName="WSDL type" keyValue="port" tModelKey="uddi:uddi.org:wsdl:types"/><ns5:keyedReferenceGroup tModelKey="uddi:soa.com:serviceendpoint:group"><ns5:keyedReference keyName="containerKey" keyValue="ND-Cluster" tModelKey="uddi:soa.com:serviceendpoint:containername"/><ns5:keyedReference keyName="listenerName" keyValue="default-http0" tModelKey="uddi:soa.com:serviceendpoint:listenername"/></ns5:keyedReferenceGroup></ns5:categoryBag></ns5:bindingTemplate></ns5:bindingTemplates><ns5:categoryBag><ns5:keyedReference keyName="Virtual Service" keyValue="Virtual Service" tModelKey="uddi:digev.com:categorization:services"/><ns5:keyedReference keyName="Staging" keyValue="Staging" tModelKey="uddi:soa.com:servicelifecyclestage"/><ns5:keyedReference keyName="WSDL type" keyValue="service" tModelKey="uddi:uddi.org:wsdl:types"/><ns5:keyedReference keyName="service namespace" keyValue="http://www.soa.com/trialleads" tModelKey="uddi:uddi.org:xml:namespace"/><ns5:keyedReference keyName="service local name" keyValue="TrialLeads_API_Binding" tModelKey="uddi:uddi.org:xml:localname"/><ns5:keyedReference keyName="Managed Service" keyValue="Managed Service" tModelKey="uddi:digev.com:categorization:services"/><ns5:keyedReferenceGroup tModelKey="uddi:soa.com:service:group"/></ns5:categoryBag></ns5:businessService><ns2:ExportServiceEndpoint><ns8:ServiceEndpoint><ns8:ServiceKey>uddi:42f77fbd-8a3a-11e4-b5c8-fd5ef4f56435</ns8:ServiceKey><ns8:Name>uddi:380e451c-b312-11e4-a144-ca760559c5eb</ns8:Name><ns8:Url>http://win7-64-vm:80/leads_vs1</ns8:Url><ns8:BindingQName>{http://www.soa.com/trialleads}TrialLeads_API_Binding</ns8:BindingQName><ns8:PortName>HTTPS</ns8:PortName><ns8:Protocol>http</ns8:Protocol><ns8:ContainerKey>ND-Cluster</ns8:ContainerKey><ns8:ListenerName>default-http0</ns8:ListenerName></ns8:ServiceEndpoint><ns2:EndpointWsdlUri>wsdls/uddi_380e451c-b312-11e4-a144-ca760559c5eb.wsdl</ns2:EndpointWsdlUri></ns2:ExportServiceEndpoint><ns2:BpelUri>services/uddi_42f77fbd-8a3a-11e4-b5c8-fd5ef4f56435/bpel.xml</ns2:BpelUri><ns2:ManagementUri>services/uddi_42f77fbd-8a3a-11e4-b5c8-fd5ef4f56435/management.xml</ns2:ManagementUri></ns2:ExportService></ns2:ExportObjectConfiguration><ns2:ExportObjectConfiguration><ns1:ServiceKey><ns1:Key>uddi:7419dd65-6e92-11e4-8fed-dad2b3c7c30a</ns1:Key><ns1:ServiceQName>{https://login.salesforce.com/services/oauth2}SalesforceAuthentication</ns1:ServiceQName></ns1:ServiceKey><ns2:ExportService><ns3:PhysicalService BusinessKey="uddi:88af7f2a-b593-11e4-86ce-86c450a25418" Discovered="false" ServiceKey="uddi:7419dd65-6e92-11e4-8fed-dad2b3c7c30a" WsdlServiceLocalName="SalesforceAuthentication" WsdlTargetNamespaceUrl="https://login.salesforce.com/services/oauth2"><ns3:Name>SalesforceAuthentication</ns3:Name><ns3:Description></ns3:Description><ns3:Operations><ns3:Operation InterfaceName="{https://login.salesforce.com/services/oauth2}SalesforceAuthentication_PortType" ManagementState="Enabled" NumOfVirtualizedOperations="2" OperationKey="e1dfe87c-97c0-11e4-bfec-8fb3ddad882e" OperationLastUpdatedAt="2015-01-09T05:32:20.947Z" OperationName="POST /token" PolicyAvailable="true" ServiceKey="uddi:7419dd65-6e92-11e4-8fed-dad2b3c7c30a" WsdlOperationName="POST__token"/></ns3:Operations></ns3:PhysicalService><ns5:businessService businessKey="uddi:88af7f2a-b593-11e4-86ce-86c450a25418" serviceKey="uddi:7419dd65-6e92-11e4-8fed-dad2b3c7c30a"><ns5:name>SalesforceAuthentication</ns5:name><ns5:bindingTemplates><ns5:bindingTemplate bindingKey="uddi:744e81fc-6e92-11e4-8fed-dad2b3c7c30a" serviceKey="uddi:7419dd65-6e92-11e4-8fed-dad2b3c7c30a"><ns5:accessPoint useType="endPoint">https://login.salesforce.com/services/oauth2</ns5:accessPoint><ns5:tModelInstanceDetails><ns5:tModelInstanceInfo tModelKey="uddi:69eb6109-5a11-7127-04a4-f1f28b7ecf04"><ns5:description>The wsdl:binding that this wsdl:port implements. The instanceParms specifies the port local name.</ns5:description><ns5:instanceDetails><ns5:instanceParms>SalesforceAuthentication_port</ns5:instanceParms></ns5:instanceDetails></ns5:tModelInstanceInfo><ns5:tModelInstanceInfo tModelKey="uddi:2efde530-cd3d-3bf4-8035-f4eef7bdb6ee"><ns5:description>The wsdl:portType that this wsdl:port implements.</ns5:description></ns5:tModelInstanceInfo></ns5:tModelInstanceDetails><ns5:categoryBag><ns5:keyedReference keyName="WSDL type" keyValue="port" tModelKey="uddi:uddi.org:wsdl:types"/></ns5:categoryBag></ns5:bindingTemplate></ns5:bindingTemplates><ns5:categoryBag><ns5:keyedReference keyName="Staging" keyValue="Staging" tModelKey="uddi:soa.com:servicelifecyclestage"/><ns5:keyedReference keyName="WSDL type" keyValue="service" tModelKey="uddi:uddi.org:wsdl:types"/><ns5:keyedReference keyName="service namespace" keyValue="https://login.salesforce.com/services/oauth2" tModelKey="uddi:uddi.org:xml:namespace"/><ns5:keyedReference keyName="service local name" keyValue="SalesforceAuthentication" tModelKey="uddi:uddi.org:xml:localname"/><ns5:keyedReference keyName="1.0" keyValue="723e2f8b-4ae0-4d11-a54f-45ee89bbb07e" tModelKey="uddi:soa.com:serviceversion"/><ns5:keyedReferenceGroup tModelKey="uddi:soa.com:service:group"/></ns5:categoryBag></ns5:businessService><ns2:ExportServiceEndpoint><ns8:ServiceEndpoint><ns8:ServiceKey>uddi:7419dd65-6e92-11e4-8fed-dad2b3c7c30a</ns8:ServiceKey><ns8:Name>uddi:744e81fc-6e92-11e4-8fed-dad2b3c7c30a</ns8:Name><ns8:Url>https://login.salesforce.com/services/oauth2</ns8:Url><ns8:BindingQName>{https://login.salesforce.com/services/oauth2}SalesforceAuthentication_Binding</ns8:BindingQName><ns8:PortName>SalesforceAuthentication_port</ns8:PortName><ns8:Protocol>https</ns8:Protocol></ns8:ServiceEndpoint><ns2:EndpointWsdlUri>wsdls/uddi_744e81fc-6e92-11e4-8fed-dad2b3c7c30a.wsdl</ns2:EndpointWsdlUri></ns2:ExportServiceEndpoint></ns2:ExportService></ns2:ExportObjectConfiguration><ns2:ExportObjectConfiguration><ns1:ContractKey><ns1:Key>b496d3b3-b597-11e4-86ce-86c450a25418</ns1:Key></ns1:ContractKey><ns2:ExportContract><ns13:Contract><ns13:ContractInfo Anonymous="true" Key="b496d3b3-b597-11e4-86ce-86c450a25418:1094" Name="Anonymous" State="Activated"><ns13:Description></ns13:Description><ns13:ProviderOrganizationKey>uddi:88af7f2a-b593-11e4-86ce-86c450a25418</ns13:ProviderOrganizationKey><ns1:EffectiveDateTimes><ns1:StartDateTime><ns1:DateTime>2015-02-16T15:52:00+11:00</ns1:DateTime><ns1:TimezoneName>Australia/Sydney</ns1:TimezoneName></ns1:StartDateTime><ns1:EndDateTime><ns1:DateTime>2016-02-16T15:52:00+11:00</ns1:DateTime><ns1:TimezoneName>Australia/Sydney</ns1:TimezoneName></ns1:EndDateTime><ns1:Expire>false</ns1:Expire></ns1:EffectiveDateTimes><ns13:ContractVersionInfo><ns13:LastModifiedTimestamp>2015-02-16+11:00</ns13:LastModifiedTimestamp><ns13:User>Local Domain\administrator</ns13:User><ns13:MetadataVersion>1</ns13:MetadataVersion><ns13:ActiveMetadataVersion>1</ns13:ActiveMetadataVersion></ns13:ContractVersionInfo><ns13:ContractType>service.contract</ns13:ContractType></ns13:ContractInfo><ns13:ContractScope><ns1:OrganizationKey>uddi:88af7f2a-b593-11e4-86ce-86c450a25418</ns1:OrganizationKey></ns13:ContractScope></ns13:Contract></ns2:ExportContract></ns2:ExportObjectConfiguration><ns2:ExportObjectConfiguration><ns1:IdentityKey><ns1:Key>Local Domain\MK9x2A9gzkcd95RWxVMerg==</ns1:Key><ns1:DomainName>Local Domain</ns1:DomainName><ns1:UserName>MK9x2A9gzkcd95RWxVMerg==</ns1:UserName></ns1:IdentityKey><ns2:ExportUserIdentity><ns14:User DomainName="Local Domain" UserName="MK9x2A9gzkcd95RWxVMerg=="><ns14:FullName>Service: uddi:25734f6f-71c4-11e4-b9af-fdd44115e303</ns14:FullName><ns14:IdentityKey>urn:uuid:eda50fbc-97c0-11e4-bfec-8fb3ddad882e</ns14:IdentityKey><ns14:Password>Hm0hTak8C4N2/SxdrlgT0EBAkawEMyw2Wfllchi3cRZfWzDLIy/scpj+HRpz4E9i8fHJxmbp2AzXKZk52BmdwA==</ns14:Password><ns14:Disabled>false</ns14:Disabled><ns14:ForcePwdResetOnNextLogin>false</ns14:ForcePwdResetOnNextLogin><ns14:Expired>false</ns14:Expired><ns14:ReadOnly>true</ns14:ReadOnly><ns14:PasswordFrmSeed>0</ns14:PasswordFrmSeed><ns14:OrganizationKey>uddi:soa.com:registryorganization</ns14:OrganizationKey><ns14:PasswordSalt>NBj1nIumHigoFYoGGW2c85V5zj/Xp1wfzsPo9tlOaF62H8u+wOqqY1yopciqdmMA3A1Ij50Zi8K/2sRUYrS8jg==</ns14:PasswordSalt></ns14:User><ns2:PKIGenerated>true</ns2:PKIGenerated></ns2:ExportUserIdentity></ns2:ExportObjectConfiguration><ns2:ExportObjectConfiguration><ns1:IdentityKey><ns1:Key>Local Domain\rkKAEF+qxn682ZnwahqEew==</ns1:Key><ns1:DomainName>Local Domain</ns1:DomainName><ns1:UserName>rkKAEF+qxn682ZnwahqEew==</ns1:UserName></ns1:IdentityKey><ns2:ExportUserIdentity><ns14:User DomainName="Local Domain" UserName="rkKAEF+qxn682ZnwahqEew=="><ns14:FullName>Service: uddi:7419dd65-6e92-11e4-8fed-dad2b3c7c30a</ns14:FullName><ns14:IdentityKey>urn:uuid:e1bd1e39-97c0-11e4-bfec-8fb3ddad882e</ns14:IdentityKey><ns14:Password>0YU/AIOWFfQeJ6NcphZPJHAYFTX2R6nqjKtdqsll6G5nj3NaB6wuKDSDKeAlZt21FUoA48XIMrIEout2AI+cdg==</ns14:Password><ns14:Disabled>false</ns14:Disabled><ns14:ForcePwdResetOnNextLogin>false</ns14:ForcePwdResetOnNextLogin><ns14:Expired>false</ns14:Expired><ns14:ReadOnly>true</ns14:ReadOnly><ns14:PasswordFrmSeed>0</ns14:PasswordFrmSeed><ns14:OrganizationKey>uddi:soa.com:registryorganization</ns14:OrganizationKey><ns14:PasswordSalt>rGsd31ZhOStdj3OxYG0MhdOSmfrtgDbfAgizilVHZhORMmQsLg68ujn5lMC6TH/BFwIp71Hvqrl94OXATzXuXA==</ns14:PasswordSalt></ns14:User><ns2:PKIGenerated>true</ns2:PKIGenerated></ns2:ExportUserIdentity></ns2:ExportObjectConfiguration><ns2:ExportObjectConfiguration><ns1:IdentityKey><ns1:Key>Local Domain\9KOu1+RMnccZr+syHxQhQQ==</ns1:Key><ns1:DomainName>Local Domain</ns1:DomainName><ns1:UserName>9KOu1+RMnccZr+syHxQhQQ==</ns1:UserName></ns1:IdentityKey><ns2:ExportUserIdentity><ns14:User DomainName="Local Domain" UserName="9KOu1+RMnccZr+syHxQhQQ=="><ns14:FullName>Service: uddi:42f77fbd-8a3a-11e4-b5c8-fd5ef4f56435</ns14:FullName><ns14:IdentityKey>urn:uuid:37d819e2-b312-11e4-a144-ca760559c5eb</ns14:IdentityKey><ns14:Password>fBQxf74fCOpIalES6nKdowpIEqV/okdmUTYrzstn/n9YPUH+8MJyZ8FOC9bY/woggjBP0VqEhdqPH3utugMwqg==</ns14:Password><ns14:Disabled>false</ns14:Disabled><ns14:ForcePwdResetOnNextLogin>false</ns14:ForcePwdResetOnNextLogin><ns14:Expired>false</ns14:Expired><ns14:ReadOnly>true</ns14:ReadOnly><ns14:PasswordFrmSeed>0</ns14:PasswordFrmSeed><ns14:OrganizationKey>uddi:soa.com:registryorganization</ns14:OrganizationKey><ns14:PasswordSalt>YWuIJmyt4dA6qYuf0mggXSnYq8u65nfVxjzx3xjAVXo+01S9AMR/f61yHfFZOHFcs/mibUcw7itjm+AfDnOd4Q==</ns14:PasswordSalt></ns14:User><ns2:PKIGenerated>true</ns2:PKIGenerated></ns2:ExportUserIdentity></ns2:ExportObjectConfiguration></ns2:ExportConfiguration>