<?xml version="1.0" encoding="UTF-8"?>
<DepedendencyGraph version="1.1"><Nodes><Node type="urn:com:soa:ObjectKey"><ObjectKey class="com.soa.service.operation.model.BindingOperationQualifiedKey">{https://na4.salesforce.com/services/data/v20.0/}SalesforceV20_API$$${https://na4.salesforce.com/services/data/v20.0/}SalesforceV20_API_Binding$$$POST__sobjects_Account</ObjectKey></Node><Node type="urn:com:soa:ObjectKey"><ObjectKey class="com.soa.service.operation.model.BindingOperationQualifiedKey">{https://na4.salesforce.com/services/data/v20.0/}SalesforceV20_API$$${https://na4.salesforce.com/services/data/v20.0/}SalesforceV20_API_Binding$$$GET__sobjects_Account__id_</ObjectKey></Node><Node type="urn:com:soa:ObjectKey"><ObjectKey class="com.soa.wsdl.model.impl.WsdlBindingImpl">uddi:3843dedd-8d3e-3f89-0dd3-4983132d1fd0</ObjectKey><property class="java.lang.String" name="_NAME_" type="urn:com:soa:SimpleProperty">{http://www.soa.com/trialleads}TrialLeads_API_Binding</property></Node><Node type="urn:com:soa:ObjectKey"><ObjectKey class="com.soa.svccontainer.ContainerKey">ND-Cluster</ObjectKey><property class="java.lang.String" name="_NAME_" type="urn:com:soa:SimpleProperty">ND-Cluster</property></Node><Node type="urn:com:soa:ObjectKey"><ObjectKey class="com.soa.service.operation.model.OperationKey">edd03e74-97c0-11e4-bfec-8fb3ddad882e</ObjectKey></Node><Node type="urn:com:soa:ObjectKey"><ObjectKey class="com.soa.bpel.BpelKey">bpel:ec5880c3-73e7-11e4-8041-92f47835f0a7</ObjectKey><property class="java.lang.String" name="_NAME_" type="urn:com:soa:SimpleProperty">SalesForceOAuthPostLead</property></Node><Node type="urn:com:soa:ObjectKey"><ObjectKey class="com.soa.security.util.QualifiedUserName">Local Domain\MK9x2A9gzkcd95RWxVMerg==</ObjectKey></Node><Node type="urn:com:soa:ObjectKey"><ObjectKey class="com.soa.wsdl.model.impl.WsdlInterfaceImpl">uddi:d20279c4-855f-b85a-8e68-a4e710409060</ObjectKey><property class="java.lang.String" name="_NAME_" type="urn:com:soa:SimpleProperty">{http://www.soa.com/trialleads}TrialLeads_API_PortType</property></Node><Node type="urn:com:soa:ObjectKey"><ObjectKey class="com.soa.service.model.ServiceKey">uddi:25734f6f-71c4-11e4-b9af-fdd44115e303</ObjectKey><property class="java.lang.String" name="_NAME_" type="urn:com:soa:SimpleProperty">SalesforceV20_API</property></Node><Node type="urn:com:soa:ObjectKey"><ObjectKey class="com.soa.service.operation.model.BindingOperationQualifiedKey">{https://na4.salesforce.com/services/data/v20.0/}SalesforceV20_API$$${https://na4.salesforce.com/services/data/v20.0/}SalesforceV20_API_Binding$$$GET__query</ObjectKey></Node><Node type="urn:com:soa:ObjectKey"><ObjectKey class="com.soa.service.operation.model.OperationKey">edd3e7f9-97c0-11e4-bfec-8fb3ddad882e</ObjectKey></Node><Node type="urn:com:soa:ObjectKey"><ObjectKey class="com.soa.service.operation.model.BindingOperationQualifiedKey">{https://na4.salesforce.com/services/data/v20.0/}SalesforceV20_API$$${https://na4.salesforce.com/services/data/v20.0/}SalesforceV20_API_Binding$$$POST__sobjects_Lead</ObjectKey></Node><Node type="urn:com:soa:ObjectKey"><ObjectKey class="com.soa.bpel.BpelKey">bpel:6baecaf4-6f33-11e4-8fed-dad2b3c7c30a</ObjectKey><property class="java.lang.String" name="_NAME_" type="urn:com:soa:SimpleProperty">SalesForceOAuth</property></Node><Node type="urn:com:soa:ObjectKey"><ObjectKey class="com.soa.service.operation.model.OperationKey">37f761b5-b312-11e4-a144-ca760559c5eb</ObjectKey></Node><Node type="urn:com:soa:ObjectKey"><ObjectKey class="com.soa.service.operation.model.BindingOperationQualifiedKey">{http://www.soa.com/trialleads}TrialLeads_API_Binding$$${http://www.soa.com/trialleads}TrialLeads_API_Binding$$$POST__leads</ObjectKey></Node><Node type="urn:com:soa:ObjectKey"><ObjectKey class="com.soa.organization.model.OrganizationKey">uddi:88af7f2a-b593-11e4-86ce-86c450a25418</ObjectKey><property class="java.lang.String" name="_NAME_" type="urn:com:soa:SimpleProperty">Box API Integration</property></Node><Node type="urn:com:soa:ObjectKey"><ObjectKey class="com.soa.service.operation.model.OperationKey">37f84c18-b312-11e4-a144-ca760559c5eb</ObjectKey></Node><Node type="urn:com:soa:ObjectKey"><ObjectKey class="com.soa.service.operation.model.BindingOperationQualifiedKey">{https://login.salesforce.com/services/oauth2}SalesforceAuthentication$$${https://login.salesforce.com/services/oauth2}SalesforceAuthentication_Binding$$$POST__token</ObjectKey></Node><Node type="urn:com:soa:ObjectKey"><ObjectKey class="com.soa.wsdl.model.impl.WsdlBindingImpl">uddi:10cecae7-8cef-20d3-cd83-ecf77402aa6c</ObjectKey><property class="java.lang.String" name="_NAME_" type="urn:com:soa:SimpleProperty">{https://na4.salesforce.com/services/data/v20.0/}SalesforceV20_API_Binding</property></Node><Node type="urn:com:soa:ObjectKey"><ObjectKey class="com.soa.service.endpoint.EndpointKey">uddi:380e451c-b312-11e4-a144-ca760559c5eb</ObjectKey></Node><Node type="urn:com:soa:ObjectKey"><ObjectKey class="com.soa.wsdl.model.impl.WsdlBindingImpl">uddi:69eb6109-5a11-7127-04a4-f1f28b7ecf04</ObjectKey><property class="java.lang.String" name="_NAME_" type="urn:com:soa:SimpleProperty">{https://login.salesforce.com/services/oauth2}SalesforceAuthentication_Binding</property></Node><Node type="urn:com:soa:ObjectKey"><ObjectKey class="com.soa.service.operation.model.OperationKey">edce69af-97c0-11e4-bfec-8fb3ddad882e</ObjectKey></Node><Node type="urn:com:soa:ObjectKey"><ObjectKey class="com.soa.wsdl.model.impl.WsdlInterfaceImpl">uddi:92a520cb-7787-53fd-1cc4-815a6d572734</ObjectKey><property class="java.lang.String" name="_NAME_" type="urn:com:soa:SimpleProperty">{https://na4.salesforce.com/services/data/v20.0/}SalesforceV20_API_PortType</property></Node><Node type="urn:com:soa:ObjectKey"><ObjectKey class="com.soa.security.util.QualifiedUserName">Local Domain\rkKAEF+qxn682ZnwahqEew==</ObjectKey></Node><Node type="urn:com:soa:ObjectKey"><ObjectKey class="com.soa.wsdl.model.impl.WsdlInterfaceImpl">uddi:2efde530-cd3d-3bf4-8035-f4eef7bdb6ee</ObjectKey><property class="java.lang.String" name="_NAME_" type="urn:com:soa:SimpleProperty">{https://login.salesforce.com/services/oauth2}SalesforceAuthentication_PortType</property></Node><Node type="urn:com:soa:ObjectKey"><ObjectKey class="com.soa.bpel.BpelKey">bpel:0b25d926-ba2a-11e4-b601-c3008ab26c84</ObjectKey><property class="java.lang.String" name="_NAME_" type="urn:com:soa:SimpleProperty">PostLeadToBox</property></Node><Node type="urn:com:soa:ObjectKey"><ObjectKey class="com.soa.service.operation.model.OperationKey">edd0dab6-97c0-11e4-bfec-8fb3ddad882e</ObjectKey></Node><Node type="urn:com:soa:ObjectKey"><ObjectKey class="com.soa.contracts.ContractKey">b496d3b3-b597-11e4-86ce-86c450a25418:1094</ObjectKey><property class="java.lang.String" name="_NAME_" type="urn:com:soa:SimpleProperty">Anonymous</property></Node><Node type="urn:com:soa:ObjectKey"><ObjectKey class="com.soa.service.operation.model.OperationKey">edcfa231-97c0-11e4-bfec-8fb3ddad882e</ObjectKey></Node><Node type="urn:com:soa:ObjectKey"><ObjectKey class="com.soa.policy.config.model.PolicyKey">DetailedAuditing</ObjectKey><property class="java.lang.String" name="_NAME_" type="urn:com:soa:SimpleProperty">DetailedAuditing</property></Node><Node type="urn:com:soa:ObjectKey"><ObjectKey class="com.soa.bpel.BpelKey">bpel:bf1a3a40-8a3e-11e4-b5c8-fd5ef4f56435</ObjectKey></Node><Node type="urn:com:soa:ObjectKey"><ObjectKey class="com.soa.security.util.QualifiedUserName">Local Domain\9KOu1+RMnccZr+syHxQhQQ==</ObjectKey></Node><Node type="urn:com:soa:ObjectKey"><ObjectKey class="com.soa.service.endpoint.EndpointKey">uddi:25983ca4-71c4-11e4-b9af-fdd44115e303</ObjectKey></Node><Node type="urn:com:soa:ObjectKey"><ObjectKey class="com.soa.service.operation.model.OperationKey">e1dfe87c-97c0-11e4-bfec-8fb3ddad882e</ObjectKey></Node><Node type="urn:com:soa:ObjectKey"><ObjectKey class="com.soa.service.model.ServiceKey">uddi:42f77fbd-8a3a-11e4-b5c8-fd5ef4f56435</ObjectKey><property class="java.lang.String" name="_NAME_" type="urn:com:soa:SimpleProperty">TrialLeads_API_vs1</property></Node><Node type="urn:com:soa:ObjectKey"><ObjectKey class="com.soa.service.operation.model.BindingOperationQualifiedKey">{http://www.soa.com/trialleads}TrialLeads_API_Binding$$${http://www.soa.com/trialleads}TrialLeads_API_Binding$$$GET__leads</ObjectKey></Node><Node type="urn:com:soa:ObjectKey"><ObjectKey class="com.soa.service.endpoint.EndpointKey">uddi:744e81fc-6e92-11e4-8fed-dad2b3c7c30a</ObjectKey></Node><Node type="urn:com:soa:ObjectKey"><ObjectKey class="com.soa.service.model.ServiceKey">uddi:7419dd65-6e92-11e4-8fed-dad2b3c7c30a</ObjectKey><property class="java.lang.String" name="_NAME_" type="urn:com:soa:SimpleProperty">SalesforceAuthentication</property></Node><Node type="urn:com:soa:ObjectKey"><ObjectKey class="com.soa.bpel.BpelKey">bpel:581480b3-9c76-11e4-86cb-9dd3afff76de</ObjectKey><property class="java.lang.String" name="_NAME_" type="urn:com:soa:SimpleProperty">UploadFileToBox</property></Node><Node type="urn:com:soa:ObjectKey"><ObjectKey class="com.soa.service.operation.model.BindingOperationQualifiedKey">{https://na4.salesforce.com/services/data/v20.0/}SalesforceV20_API$$${https://na4.salesforce.com/services/data/v20.0/}SalesforceV20_API_Binding$$$GET__sobjects_Lead__id_</ObjectKey></Node></Nodes><Links><Link type="identity->service:ReferredBy"><From><Node type="urn:com:soa:ObjectKey"><ObjectKey class="com.soa.security.util.QualifiedUserName">Local Domain\rkKAEF+qxn682ZnwahqEew==</ObjectKey></Node></From><To><Node type="urn:com:soa:ObjectKey"><ObjectKey class="com.soa.service.model.ServiceKey">uddi:7419dd65-6e92-11e4-8fed-dad2b3c7c30a</ObjectKey></Node></To></Link><Link type="service->identity:refer"><From><Node type="urn:com:soa:ObjectKey"><ObjectKey class="com.soa.service.model.ServiceKey">uddi:7419dd65-6e92-11e4-8fed-dad2b3c7c30a</ObjectKey></Node></From><To><Node type="urn:com:soa:ObjectKey"><ObjectKey class="com.soa.security.util.QualifiedUserName">Local Domain\rkKAEF+qxn682ZnwahqEew==</ObjectKey></Node></To></Link><Link type="process->process:ReferedBy"><From><Node type="urn:com:soa:ObjectKey"><ObjectKey class="com.soa.bpel.BpelKey">bpel:0b25d926-ba2a-11e4-b601-c3008ab26c84</ObjectKey></Node></From><To><Node type="urn:com:soa:ObjectKey"><ObjectKey class="com.soa.bpel.BpelKey">bpel:bf1a3a40-8a3e-11e4-b5c8-fd5ef4f56435</ObjectKey></Node></To></Link><Link type="service->interface:ImplementedBy"><From><Node type="urn:com:soa:ObjectKey"><ObjectKey class="com.soa.service.model.ServiceKey">uddi:25734f6f-71c4-11e4-b9af-fdd44115e303</ObjectKey></Node></From><To><Node type="urn:com:soa:ObjectKey"><ObjectKey class="com.soa.wsdl.model.impl.WsdlInterfaceImpl">uddi:92a520cb-7787-53fd-1cc4-815a6d572734</ObjectKey></Node></To></Link><Link type="service->operation:child"><From><Node type="urn:com:soa:ObjectKey"><ObjectKey class="com.soa.service.model.ServiceKey">uddi:25734f6f-71c4-11e4-b9af-fdd44115e303</ObjectKey></Node></From><To><Node type="urn:com:soa:ObjectKey"><ObjectKey class="com.soa.service.operation.model.OperationKey">edd0dab6-97c0-11e4-bfec-8fb3ddad882e</ObjectKey></Node></To></Link><Link type="identity->service:ReferredBy"><From><Node type="urn:com:soa:ObjectKey"><ObjectKey class="com.soa.security.util.QualifiedUserName">Local Domain\MK9x2A9gzkcd95RWxVMerg==</ObjectKey></Node></From><To><Node type="urn:com:soa:ObjectKey"><ObjectKey class="com.soa.service.model.ServiceKey">uddi:25734f6f-71c4-11e4-b9af-fdd44115e303</ObjectKey></Node></To></Link><Link type="service->identity:refer"><From><Node type="urn:com:soa:ObjectKey"><ObjectKey class="com.soa.service.model.ServiceKey">uddi:25734f6f-71c4-11e4-b9af-fdd44115e303</ObjectKey></Node></From><To><Node type="urn:com:soa:ObjectKey"><ObjectKey class="com.soa.security.util.QualifiedUserName">Local Domain\MK9x2A9gzkcd95RWxVMerg==</ObjectKey></Node></To></Link><Link type="service->org:parent"><From><Node type="urn:com:soa:ObjectKey"><ObjectKey class="com.soa.service.model.ServiceKey">uddi:7419dd65-6e92-11e4-8fed-dad2b3c7c30a</ObjectKey></Node></From><To><Node type="urn:com:soa:ObjectKey"><ObjectKey class="com.soa.organization.model.OrganizationKey">uddi:88af7f2a-b593-11e4-86ce-86c450a25418</ObjectKey></Node></To></Link><Link type="operation->service:parent"><From><Node type="urn:com:soa:ObjectKey"><ObjectKey class="com.soa.service.operation.model.OperationKey">37f84c18-b312-11e4-a144-ca760559c5eb</ObjectKey></Node></From><To><Node type="urn:com:soa:ObjectKey"><ObjectKey class="com.soa.service.model.ServiceKey">uddi:42f77fbd-8a3a-11e4-b5c8-fd5ef4f56435</ObjectKey></Node></To></Link><Link type="process->organization:refer"><From><Node type="urn:com:soa:ObjectKey"><ObjectKey class="com.soa.bpel.BpelKey">bpel:6baecaf4-6f33-11e4-8fed-dad2b3c7c30a</ObjectKey></Node></From><To><Node type="urn:com:soa:ObjectKey"><ObjectKey class="com.soa.organization.model.OrganizationKey">uddi:88af7f2a-b593-11e4-86ce-86c450a25418</ObjectKey></Node></To></Link><Link type="service->operation:child"><From><Node type="urn:com:soa:ObjectKey"><ObjectKey class="com.soa.service.model.ServiceKey">uddi:25734f6f-71c4-11e4-b9af-fdd44115e303</ObjectKey></Node></From><To><Node type="urn:com:soa:ObjectKey"><ObjectKey class="com.soa.service.operation.model.OperationKey">edce69af-97c0-11e4-bfec-8fb3ddad882e</ObjectKey></Node></To></Link><Link type="service->binding:ImplementedBy"><From><Node type="urn:com:soa:ObjectKey"><ObjectKey class="com.soa.service.model.ServiceKey">uddi:25734f6f-71c4-11e4-b9af-fdd44115e303</ObjectKey></Node></From><To><Node type="urn:com:soa:ObjectKey"><ObjectKey class="com.soa.wsdl.model.impl.WsdlBindingImpl">uddi:10cecae7-8cef-20d3-cd83-ecf77402aa6c</ObjectKey></Node></To></Link><Link type="binding->service:implements"><From><Node type="urn:com:soa:ObjectKey"><ObjectKey class="com.soa.wsdl.model.impl.WsdlBindingImpl">uddi:69eb6109-5a11-7127-04a4-f1f28b7ecf04</ObjectKey></Node></From><To><Node type="urn:com:soa:ObjectKey"><ObjectKey class="com.soa.service.model.ServiceKey">uddi:7419dd65-6e92-11e4-8fed-dad2b3c7c30a</ObjectKey></Node></To></Link><Link type="service->interface:ImplementedBy"><From><Node type="urn:com:soa:ObjectKey"><ObjectKey class="com.soa.service.model.ServiceKey">uddi:42f77fbd-8a3a-11e4-b5c8-fd5ef4f56435</ObjectKey></Node></From><To><Node type="urn:com:soa:ObjectKey"><ObjectKey class="com.soa.wsdl.model.impl.WsdlInterfaceImpl">uddi:d20279c4-855f-b85a-8e68-a4e710409060</ObjectKey></Node></To></Link><Link type="service->org:parent"><From><Node type="urn:com:soa:ObjectKey"><ObjectKey class="com.soa.service.model.ServiceKey">uddi:42f77fbd-8a3a-11e4-b5c8-fd5ef4f56435</ObjectKey></Node></From><To><Node type="urn:com:soa:ObjectKey"><ObjectKey class="com.soa.organization.model.OrganizationKey">uddi:88af7f2a-b593-11e4-86ce-86c450a25418</ObjectKey></Node></To></Link><Link type="service->binding:ImplementedBy"><From><Node type="urn:com:soa:ObjectKey"><ObjectKey class="com.soa.service.model.ServiceKey">uddi:42f77fbd-8a3a-11e4-b5c8-fd5ef4f56435</ObjectKey></Node></From><To><Node type="urn:com:soa:ObjectKey"><ObjectKey class="com.soa.wsdl.model.impl.WsdlBindingImpl">uddi:3843dedd-8d3e-3f89-0dd3-4983132d1fd0</ObjectKey></Node></To></Link><Link type="process->process:ReferedBy"><From><Node type="urn:com:soa:ObjectKey"><ObjectKey class="com.soa.bpel.BpelKey">bpel:6baecaf4-6f33-11e4-8fed-dad2b3c7c30a</ObjectKey></Node></From><To><Node type="urn:com:soa:ObjectKey"><ObjectKey class="com.soa.bpel.BpelKey">bpel:ec5880c3-73e7-11e4-8041-92f47835f0a7</ObjectKey></Node></To></Link><Link type="service->bndoperation:child"><From><Node type="urn:com:soa:ObjectKey"><ObjectKey class="com.soa.service.model.ServiceKey">uddi:25734f6f-71c4-11e4-b9af-fdd44115e303</ObjectKey></Node></From><To><Node type="urn:com:soa:ObjectKey"><ObjectKey class="com.soa.service.operation.model.BindingOperationQualifiedKey">{https://na4.salesforce.com/services/data/v20.0/}SalesforceV20_API$$${https://na4.salesforce.com/services/data/v20.0/}SalesforceV20_API_Binding$$$GET__sobjects_Lead__id_</ObjectKey></Node></To></Link><Link type="process->process:refer"><From><Node type="urn:com:soa:ObjectKey"><ObjectKey class="com.soa.bpel.BpelKey">bpel:bf1a3a40-8a3e-11e4-b5c8-fd5ef4f56435</ObjectKey></Node></From><To><Node type="urn:com:soa:ObjectKey"><ObjectKey class="com.soa.bpel.BpelKey">bpel:0b25d926-ba2a-11e4-b601-c3008ab26c84</ObjectKey></Node></To></Link><Link type="bndoperation->service:parent"><From><Node type="urn:com:soa:ObjectKey"><ObjectKey class="com.soa.service.operation.model.BindingOperationQualifiedKey">{https://na4.salesforce.com/services/data/v20.0/}SalesforceV20_API$$${https://na4.salesforce.com/services/data/v20.0/}SalesforceV20_API_Binding$$$GET__sobjects_Lead__id_</ObjectKey></Node></From><To><Node type="urn:com:soa:ObjectKey"><ObjectKey class="com.soa.service.model.ServiceKey">uddi:25734f6f-71c4-11e4-b9af-fdd44115e303</ObjectKey></Node></To></Link><Link type="service->endpoint:child"><From><Node type="urn:com:soa:ObjectKey"><ObjectKey class="com.soa.service.model.ServiceKey">uddi:25734f6f-71c4-11e4-b9af-fdd44115e303</ObjectKey></Node></From><To><Node type="urn:com:soa:ObjectKey"><ObjectKey class="com.soa.service.endpoint.EndpointKey">uddi:25983ca4-71c4-11e4-b9af-fdd44115e303</ObjectKey></Node></To></Link><Link type="operation->service:parent"><From><Node type="urn:com:soa:ObjectKey"><ObjectKey class="com.soa.service.operation.model.OperationKey">edd3e7f9-97c0-11e4-bfec-8fb3ddad882e</ObjectKey></Node></From><To><Node type="urn:com:soa:ObjectKey"><ObjectKey class="com.soa.service.model.ServiceKey">uddi:25734f6f-71c4-11e4-b9af-fdd44115e303</ObjectKey></Node></To></Link><Link type="identity->service:ReferredBy"><From><Node type="urn:com:soa:ObjectKey"><ObjectKey class="com.soa.security.util.QualifiedUserName">Local Domain\9KOu1+RMnccZr+syHxQhQQ==</ObjectKey></Node></From><To><Node type="urn:com:soa:ObjectKey"><ObjectKey class="com.soa.service.model.ServiceKey">uddi:42f77fbd-8a3a-11e4-b5c8-fd5ef4f56435</ObjectKey></Node></To></Link><Link type="service->identity:refer"><From><Node type="urn:com:soa:ObjectKey"><ObjectKey class="com.soa.service.model.ServiceKey">uddi:42f77fbd-8a3a-11e4-b5c8-fd5ef4f56435</ObjectKey></Node></From><To><Node type="urn:com:soa:ObjectKey"><ObjectKey class="com.soa.security.util.QualifiedUserName">Local Domain\9KOu1+RMnccZr+syHxQhQQ==</ObjectKey></Node></To></Link><Link type="process->process:refer"><From><Node type="urn:com:soa:ObjectKey"><ObjectKey class="com.soa.bpel.BpelKey">bpel:ec5880c3-73e7-11e4-8041-92f47835f0a7</ObjectKey></Node></From><To><Node type="urn:com:soa:ObjectKey"><ObjectKey class="com.soa.bpel.BpelKey">bpel:6baecaf4-6f33-11e4-8fed-dad2b3c7c30a</ObjectKey></Node></To></Link><Link type="organization->process:ReferedBy"><From><Node type="urn:com:soa:ObjectKey"><ObjectKey class="com.soa.organization.model.OrganizationKey">uddi:88af7f2a-b593-11e4-86ce-86c450a25418</ObjectKey></Node></From><To><Node type="urn:com:soa:ObjectKey"><ObjectKey class="com.soa.bpel.BpelKey">bpel:6baecaf4-6f33-11e4-8fed-dad2b3c7c30a</ObjectKey></Node></To></Link><Link type="service->operation:child"><From><Node type="urn:com:soa:ObjectKey"><ObjectKey class="com.soa.service.model.ServiceKey">uddi:42f77fbd-8a3a-11e4-b5c8-fd5ef4f56435</ObjectKey></Node></From><To><Node type="urn:com:soa:ObjectKey"><ObjectKey class="com.soa.service.operation.model.OperationKey">37f761b5-b312-11e4-a144-ca760559c5eb</ObjectKey></Node></To></Link><Link type="operation->service:parent"><From><Node type="urn:com:soa:ObjectKey"><ObjectKey class="com.soa.service.operation.model.OperationKey">edcfa231-97c0-11e4-bfec-8fb3ddad882e</ObjectKey></Node></From><To><Node type="urn:com:soa:ObjectKey"><ObjectKey class="com.soa.service.model.ServiceKey">uddi:25734f6f-71c4-11e4-b9af-fdd44115e303</ObjectKey></Node></To></Link><Link type="binding->service:implements"><From><Node type="urn:com:soa:ObjectKey"><ObjectKey class="com.soa.wsdl.model.impl.WsdlBindingImpl">uddi:3843dedd-8d3e-3f89-0dd3-4983132d1fd0</ObjectKey></Node></From><To><Node type="urn:com:soa:ObjectKey"><ObjectKey class="com.soa.service.model.ServiceKey">uddi:42f77fbd-8a3a-11e4-b5c8-fd5ef4f56435</ObjectKey></Node></To></Link><Link type="contract->org:parent"><From><Node type="urn:com:soa:ObjectKey"><ObjectKey class="com.soa.contracts.ContractKey">b496d3b3-b597-11e4-86ce-86c450a25418:1094</ObjectKey></Node></From><To><Node type="urn:com:soa:ObjectKey"><ObjectKey class="com.soa.organization.model.OrganizationKey">uddi:88af7f2a-b593-11e4-86ce-86c450a25418</ObjectKey></Node></To></Link><Link type="interface->binding:implements"><From><Node type="urn:com:soa:ObjectKey"><ObjectKey class="com.soa.wsdl.model.impl.WsdlInterfaceImpl">uddi:d20279c4-855f-b85a-8e68-a4e710409060</ObjectKey></Node></From><To><Node type="urn:com:soa:ObjectKey"><ObjectKey class="com.soa.wsdl.model.impl.WsdlBindingImpl">uddi:3843dedd-8d3e-3f89-0dd3-4983132d1fd0</ObjectKey></Node></To></Link><Link type="service->bndoperation:child"><From><Node type="urn:com:soa:ObjectKey"><ObjectKey class="com.soa.service.model.ServiceKey">uddi:42f77fbd-8a3a-11e4-b5c8-fd5ef4f56435</ObjectKey></Node></From><To><Node type="urn:com:soa:ObjectKey"><ObjectKey class="com.soa.service.operation.model.BindingOperationQualifiedKey">{http://www.soa.com/trialleads}TrialLeads_API_Binding$$${http://www.soa.com/trialleads}TrialLeads_API_Binding$$$GET__leads</ObjectKey></Node></To></Link><Link type="endpoint->service:parent"><From><Node type="urn:com:soa:ObjectKey"><ObjectKey class="com.soa.service.endpoint.EndpointKey">uddi:380e451c-b312-11e4-a144-ca760559c5eb</ObjectKey></Node></From><To><Node type="urn:com:soa:ObjectKey"><ObjectKey class="com.soa.service.model.ServiceKey">uddi:42f77fbd-8a3a-11e4-b5c8-fd5ef4f56435</ObjectKey></Node></To></Link><Link type="binding->interface:ImplementedBy"><From><Node type="urn:com:soa:ObjectKey"><ObjectKey class="com.soa.wsdl.model.impl.WsdlBindingImpl">uddi:10cecae7-8cef-20d3-cd83-ecf77402aa6c</ObjectKey></Node></From><To><Node type="urn:com:soa:ObjectKey"><ObjectKey class="com.soa.wsdl.model.impl.WsdlInterfaceImpl">uddi:92a520cb-7787-53fd-1cc4-815a6d572734</ObjectKey></Node></To></Link><Link type="service->bndoperation:child"><From><Node type="urn:com:soa:ObjectKey"><ObjectKey class="com.soa.service.model.ServiceKey">uddi:25734f6f-71c4-11e4-b9af-fdd44115e303</ObjectKey></Node></From><To><Node type="urn:com:soa:ObjectKey"><ObjectKey class="com.soa.service.operation.model.BindingOperationQualifiedKey">{https://na4.salesforce.com/services/data/v20.0/}SalesforceV20_API$$${https://na4.salesforce.com/services/data/v20.0/}SalesforceV20_API_Binding$$$POST__sobjects_Lead</ObjectKey></Node></To></Link><Link type="binding->service:implements"><From><Node type="urn:com:soa:ObjectKey"><ObjectKey class="com.soa.wsdl.model.impl.WsdlBindingImpl">uddi:10cecae7-8cef-20d3-cd83-ecf77402aa6c</ObjectKey></Node></From><To><Node type="urn:com:soa:ObjectKey"><ObjectKey class="com.soa.service.model.ServiceKey">uddi:25734f6f-71c4-11e4-b9af-fdd44115e303</ObjectKey></Node></To></Link><Link type="organization->process:ReferedBy"><From><Node type="urn:com:soa:ObjectKey"><ObjectKey class="com.soa.organization.model.OrganizationKey">uddi:88af7f2a-b593-11e4-86ce-86c450a25418</ObjectKey></Node></From><To><Node type="urn:com:soa:ObjectKey"><ObjectKey class="com.soa.bpel.BpelKey">bpel:0b25d926-ba2a-11e4-b601-c3008ab26c84</ObjectKey></Node></To></Link><Link type="process->organization:refer"><From><Node type="urn:com:soa:ObjectKey"><ObjectKey class="com.soa.bpel.BpelKey">bpel:581480b3-9c76-11e4-86cb-9dd3afff76de</ObjectKey></Node></From><To><Node type="urn:com:soa:ObjectKey"><ObjectKey class="com.soa.organization.model.OrganizationKey">uddi:88af7f2a-b593-11e4-86ce-86c450a25418</ObjectKey></Node></To></Link><Link type="service->binding:ImplementedBy"><From><Node type="urn:com:soa:ObjectKey"><ObjectKey class="com.soa.service.model.ServiceKey">uddi:7419dd65-6e92-11e4-8fed-dad2b3c7c30a</ObjectKey></Node></From><To><Node type="urn:com:soa:ObjectKey"><ObjectKey class="com.soa.wsdl.model.impl.WsdlBindingImpl">uddi:69eb6109-5a11-7127-04a4-f1f28b7ecf04</ObjectKey></Node></To></Link><Link type="bndoperation->service:parent"><From><Node type="urn:com:soa:ObjectKey"><ObjectKey class="com.soa.service.operation.model.BindingOperationQualifiedKey">{https://login.salesforce.com/services/oauth2}SalesforceAuthentication$$${https://login.salesforce.com/services/oauth2}SalesforceAuthentication_Binding$$$POST__token</ObjectKey></Node></From><To><Node type="urn:com:soa:ObjectKey"><ObjectKey class="com.soa.service.model.ServiceKey">uddi:7419dd65-6e92-11e4-8fed-dad2b3c7c30a</ObjectKey></Node></To></Link><Link type="binding->interface:ImplementedBy"><From><Node type="urn:com:soa:ObjectKey"><ObjectKey class="com.soa.wsdl.model.impl.WsdlBindingImpl">uddi:69eb6109-5a11-7127-04a4-f1f28b7ecf04</ObjectKey></Node></From><To><Node type="urn:com:soa:ObjectKey"><ObjectKey class="com.soa.wsdl.model.impl.WsdlInterfaceImpl">uddi:2efde530-cd3d-3bf4-8035-f4eef7bdb6ee</ObjectKey></Node></To></Link><Link type="service->operation:child"><From><Node type="urn:com:soa:ObjectKey"><ObjectKey class="com.soa.service.model.ServiceKey">uddi:25734f6f-71c4-11e4-b9af-fdd44115e303</ObjectKey></Node></From><To><Node type="urn:com:soa:ObjectKey"><ObjectKey class="com.soa.service.operation.model.OperationKey">edd03e74-97c0-11e4-bfec-8fb3ddad882e</ObjectKey></Node></To></Link><Link type="interface->binding:implements"><From><Node type="urn:com:soa:ObjectKey"><ObjectKey class="com.soa.wsdl.model.impl.WsdlInterfaceImpl">uddi:92a520cb-7787-53fd-1cc4-815a6d572734</ObjectKey></Node></From><To><Node type="urn:com:soa:ObjectKey"><ObjectKey class="com.soa.wsdl.model.impl.WsdlBindingImpl">uddi:10cecae7-8cef-20d3-cd83-ecf77402aa6c</ObjectKey></Node></To></Link><Link type="binding->interface:ImplementedBy"><From><Node type="urn:com:soa:ObjectKey"><ObjectKey class="com.soa.wsdl.model.impl.WsdlBindingImpl">uddi:3843dedd-8d3e-3f89-0dd3-4983132d1fd0</ObjectKey></Node></From><To><Node type="urn:com:soa:ObjectKey"><ObjectKey class="com.soa.wsdl.model.impl.WsdlInterfaceImpl">uddi:d20279c4-855f-b85a-8e68-a4e710409060</ObjectKey></Node></To></Link><Link type="service->operationalpolicy:ReferedBy"><From><Node type="urn:com:soa:ObjectKey"><ObjectKey class="com.soa.service.model.ServiceKey">uddi:42f77fbd-8a3a-11e4-b5c8-fd5ef4f56435</ObjectKey></Node></From><To><Node type="urn:com:soa:ObjectKey"><ObjectKey class="com.soa.policy.config.model.PolicyKey">DetailedAuditing</ObjectKey></Node></To></Link><Link type="org->contract:child"><From><Node type="urn:com:soa:ObjectKey"><ObjectKey class="com.soa.organization.model.OrganizationKey">uddi:88af7f2a-b593-11e4-86ce-86c450a25418</ObjectKey></Node></From><To><Node type="urn:com:soa:ObjectKey"><ObjectKey class="com.soa.contracts.ContractKey">b496d3b3-b597-11e4-86ce-86c450a25418:1094</ObjectKey></Node></To></Link><Link type="service->interface:ImplementedBy"><From><Node type="urn:com:soa:ObjectKey"><ObjectKey class="com.soa.service.model.ServiceKey">uddi:7419dd65-6e92-11e4-8fed-dad2b3c7c30a</ObjectKey></Node></From><To><Node type="urn:com:soa:ObjectKey"><ObjectKey class="com.soa.wsdl.model.impl.WsdlInterfaceImpl">uddi:2efde530-cd3d-3bf4-8035-f4eef7bdb6ee</ObjectKey></Node></To></Link><Link type="interface->binding:implements"><From><Node type="urn:com:soa:ObjectKey"><ObjectKey class="com.soa.wsdl.model.impl.WsdlInterfaceImpl">uddi:2efde530-cd3d-3bf4-8035-f4eef7bdb6ee</ObjectKey></Node></From><To><Node type="urn:com:soa:ObjectKey"><ObjectKey class="com.soa.wsdl.model.impl.WsdlBindingImpl">uddi:69eb6109-5a11-7127-04a4-f1f28b7ecf04</ObjectKey></Node></To></Link><Link type="service->org:parent"><From><Node type="urn:com:soa:ObjectKey"><ObjectKey class="com.soa.service.model.ServiceKey">uddi:25734f6f-71c4-11e4-b9af-fdd44115e303</ObjectKey></Node></From><To><Node type="urn:com:soa:ObjectKey"><ObjectKey class="com.soa.organization.model.OrganizationKey">uddi:88af7f2a-b593-11e4-86ce-86c450a25418</ObjectKey></Node></To></Link><Link type="service->operation:child"><From><Node type="urn:com:soa:ObjectKey"><ObjectKey class="com.soa.service.model.ServiceKey">uddi:7419dd65-6e92-11e4-8fed-dad2b3c7c30a</ObjectKey></Node></From><To><Node type="urn:com:soa:ObjectKey"><ObjectKey class="com.soa.service.operation.model.OperationKey">e1dfe87c-97c0-11e4-bfec-8fb3ddad882e</ObjectKey></Node></To></Link><Link type="service->endpoint:child"><From><Node type="urn:com:soa:ObjectKey"><ObjectKey class="com.soa.service.model.ServiceKey">uddi:7419dd65-6e92-11e4-8fed-dad2b3c7c30a</ObjectKey></Node></From><To><Node type="urn:com:soa:ObjectKey"><ObjectKey class="com.soa.service.endpoint.EndpointKey">uddi:744e81fc-6e92-11e4-8fed-dad2b3c7c30a</ObjectKey></Node></To></Link><Link type="contract->org:ReferredBy"><From><Node type="urn:com:soa:ObjectKey"><ObjectKey class="com.soa.contracts.ContractKey">b496d3b3-b597-11e4-86ce-86c450a25418:1094</ObjectKey></Node></From><To><Node type="urn:com:soa:ObjectKey"><ObjectKey class="com.soa.organization.model.OrganizationKey">uddi:88af7f2a-b593-11e4-86ce-86c450a25418</ObjectKey></Node></To></Link><Link type="process->organization:refer"><From><Node type="urn:com:soa:ObjectKey"><ObjectKey class="com.soa.bpel.BpelKey">bpel:0b25d926-ba2a-11e4-b601-c3008ab26c84</ObjectKey></Node></From><To><Node type="urn:com:soa:ObjectKey"><ObjectKey class="com.soa.organization.model.OrganizationKey">uddi:88af7f2a-b593-11e4-86ce-86c450a25418</ObjectKey></Node></To></Link><Link type="organization->process:ReferedBy"><From><Node type="urn:com:soa:ObjectKey"><ObjectKey class="com.soa.organization.model.OrganizationKey">uddi:88af7f2a-b593-11e4-86ce-86c450a25418</ObjectKey></Node></From><To><Node type="urn:com:soa:ObjectKey"><ObjectKey class="com.soa.bpel.BpelKey">bpel:581480b3-9c76-11e4-86cb-9dd3afff76de</ObjectKey></Node></To></Link><Link type="bndoperation->service:parent"><From><Node type="urn:com:soa:ObjectKey"><ObjectKey class="com.soa.service.operation.model.BindingOperationQualifiedKey">{https://na4.salesforce.com/services/data/v20.0/}SalesforceV20_API$$${https://na4.salesforce.com/services/data/v20.0/}SalesforceV20_API_Binding$$$POST__sobjects_Lead</ObjectKey></Node></From><To><Node type="urn:com:soa:ObjectKey"><ObjectKey class="com.soa.service.model.ServiceKey">uddi:25734f6f-71c4-11e4-b9af-fdd44115e303</ObjectKey></Node></To></Link><Link type="service->bndoperation:child"><From><Node type="urn:com:soa:ObjectKey"><ObjectKey class="com.soa.service.model.ServiceKey">uddi:7419dd65-6e92-11e4-8fed-dad2b3c7c30a</ObjectKey></Node></From><To><Node type="urn:com:soa:ObjectKey"><ObjectKey class="com.soa.service.operation.model.BindingOperationQualifiedKey">{https://login.salesforce.com/services/oauth2}SalesforceAuthentication$$${https://login.salesforce.com/services/oauth2}SalesforceAuthentication_Binding$$$POST__token</ObjectKey></Node></To></Link><Link type="bndoperation->service:parent"><From><Node type="urn:com:soa:ObjectKey"><ObjectKey class="com.soa.service.operation.model.BindingOperationQualifiedKey">{http://www.soa.com/trialleads}TrialLeads_API_Binding$$${http://www.soa.com/trialleads}TrialLeads_API_Binding$$$GET__leads</ObjectKey></Node></From><To><Node type="urn:com:soa:ObjectKey"><ObjectKey class="com.soa.service.model.ServiceKey">uddi:42f77fbd-8a3a-11e4-b5c8-fd5ef4f56435</ObjectKey></Node></To></Link><Link type="service->operation:child"><From><Node type="urn:com:soa:ObjectKey"><ObjectKey class="com.soa.service.model.ServiceKey">uddi:25734f6f-71c4-11e4-b9af-fdd44115e303</ObjectKey></Node></From><To><Node type="urn:com:soa:ObjectKey"><ObjectKey class="com.soa.service.operation.model.OperationKey">edcfa231-97c0-11e4-bfec-8fb3ddad882e</ObjectKey></Node></To></Link><Link type="container->service:HostedBy"><From><Node type="urn:com:soa:ObjectKey"><ObjectKey class="com.soa.svccontainer.ContainerKey">ND-Cluster</ObjectKey></Node></From><To><Node type="urn:com:soa:ObjectKey"><ObjectKey class="com.soa.service.model.ServiceKey">uddi:42f77fbd-8a3a-11e4-b5c8-fd5ef4f56435</ObjectKey></Node></To></Link><Link type="interface->service:implements"><From><Node type="urn:com:soa:ObjectKey"><ObjectKey class="com.soa.wsdl.model.impl.WsdlInterfaceImpl">uddi:2efde530-cd3d-3bf4-8035-f4eef7bdb6ee</ObjectKey></Node></From><To><Node type="urn:com:soa:ObjectKey"><ObjectKey class="com.soa.service.model.ServiceKey">uddi:7419dd65-6e92-11e4-8fed-dad2b3c7c30a</ObjectKey></Node></To></Link><Link type="operation->service:parent"><From><Node type="urn:com:soa:ObjectKey"><ObjectKey class="com.soa.service.operation.model.OperationKey">edd03e74-97c0-11e4-bfec-8fb3ddad882e</ObjectKey></Node></From><To><Node type="urn:com:soa:ObjectKey"><ObjectKey class="com.soa.service.model.ServiceKey">uddi:25734f6f-71c4-11e4-b9af-fdd44115e303</ObjectKey></Node></To></Link><Link type="organization->process:ReferedBy"><From><Node type="urn:com:soa:ObjectKey"><ObjectKey class="com.soa.organization.model.OrganizationKey">uddi:88af7f2a-b593-11e4-86ce-86c450a25418</ObjectKey></Node></From><To><Node type="urn:com:soa:ObjectKey"><ObjectKey class="com.soa.bpel.BpelKey">bpel:ec5880c3-73e7-11e4-8041-92f47835f0a7</ObjectKey></Node></To></Link><Link type="org->contract:refer"><From><Node type="urn:com:soa:ObjectKey"><ObjectKey class="com.soa.organization.model.OrganizationKey">uddi:88af7f2a-b593-11e4-86ce-86c450a25418</ObjectKey></Node></From><To><Node type="urn:com:soa:ObjectKey"><ObjectKey class="com.soa.contracts.ContractKey">b496d3b3-b597-11e4-86ce-86c450a25418:1094</ObjectKey></Node></To></Link><Link type="process->process:ReferedBy"><From><Node type="urn:com:soa:ObjectKey"><ObjectKey class="com.soa.bpel.BpelKey">bpel:581480b3-9c76-11e4-86cb-9dd3afff76de</ObjectKey></Node></From><To><Node type="urn:com:soa:ObjectKey"><ObjectKey class="com.soa.bpel.BpelKey">bpel:0b25d926-ba2a-11e4-b601-c3008ab26c84</ObjectKey></Node></To></Link><Link type="service->bndoperation:child"><From><Node type="urn:com:soa:ObjectKey"><ObjectKey class="com.soa.service.model.ServiceKey">uddi:42f77fbd-8a3a-11e4-b5c8-fd5ef4f56435</ObjectKey></Node></From><To><Node type="urn:com:soa:ObjectKey"><ObjectKey class="com.soa.service.operation.model.BindingOperationQualifiedKey">{http://www.soa.com/trialleads}TrialLeads_API_Binding$$${http://www.soa.com/trialleads}TrialLeads_API_Binding$$$POST__leads</ObjectKey></Node></To></Link><Link type="operation->service:parent"><From><Node type="urn:com:soa:ObjectKey"><ObjectKey class="com.soa.service.operation.model.OperationKey">e1dfe87c-97c0-11e4-bfec-8fb3ddad882e</ObjectKey></Node></From><To><Node type="urn:com:soa:ObjectKey"><ObjectKey class="com.soa.service.model.ServiceKey">uddi:7419dd65-6e92-11e4-8fed-dad2b3c7c30a</ObjectKey></Node></To></Link><Link type="operationalpolicy->service:refer"><From><Node type="urn:com:soa:ObjectKey"><ObjectKey class="com.soa.policy.config.model.PolicyKey">DetailedAuditing</ObjectKey></Node></From><To><Node type="urn:com:soa:ObjectKey"><ObjectKey class="com.soa.service.model.ServiceKey">uddi:42f77fbd-8a3a-11e4-b5c8-fd5ef4f56435</ObjectKey></Node></To></Link><Link type="bndoperation->service:parent"><From><Node type="urn:com:soa:ObjectKey"><ObjectKey class="com.soa.service.operation.model.BindingOperationQualifiedKey">{http://www.soa.com/trialleads}TrialLeads_API_Binding$$${http://www.soa.com/trialleads}TrialLeads_API_Binding$$$POST__leads</ObjectKey></Node></From><To><Node type="urn:com:soa:ObjectKey"><ObjectKey class="com.soa.service.model.ServiceKey">uddi:42f77fbd-8a3a-11e4-b5c8-fd5ef4f56435</ObjectKey></Node></To></Link><Link type="endpoint->service:parent"><From><Node type="urn:com:soa:ObjectKey"><ObjectKey class="com.soa.service.endpoint.EndpointKey">uddi:25983ca4-71c4-11e4-b9af-fdd44115e303</ObjectKey></Node></From><To><Node type="urn:com:soa:ObjectKey"><ObjectKey class="com.soa.service.model.ServiceKey">uddi:25734f6f-71c4-11e4-b9af-fdd44115e303</ObjectKey></Node></To></Link><Link type="process->organization:refer"><From><Node type="urn:com:soa:ObjectKey"><ObjectKey class="com.soa.bpel.BpelKey">bpel:ec5880c3-73e7-11e4-8041-92f47835f0a7</ObjectKey></Node></From><To><Node type="urn:com:soa:ObjectKey"><ObjectKey class="com.soa.organization.model.OrganizationKey">uddi:88af7f2a-b593-11e4-86ce-86c450a25418</ObjectKey></Node></To></Link><Link type="process->process:refer"><From><Node type="urn:com:soa:ObjectKey"><ObjectKey class="com.soa.bpel.BpelKey">bpel:0b25d926-ba2a-11e4-b601-c3008ab26c84</ObjectKey></Node></From><To><Node type="urn:com:soa:ObjectKey"><ObjectKey class="com.soa.bpel.BpelKey">bpel:581480b3-9c76-11e4-86cb-9dd3afff76de</ObjectKey></Node></To></Link><Link type="org->service:child"><From><Node type="urn:com:soa:ObjectKey"><ObjectKey class="com.soa.organization.model.OrganizationKey">uddi:88af7f2a-b593-11e4-86ce-86c450a25418</ObjectKey></Node></From><To><Node type="urn:com:soa:ObjectKey"><ObjectKey class="com.soa.service.model.ServiceKey">uddi:25734f6f-71c4-11e4-b9af-fdd44115e303</ObjectKey></Node></To></Link><Link type="service->bndoperation:child"><From><Node type="urn:com:soa:ObjectKey"><ObjectKey class="com.soa.service.model.ServiceKey">uddi:25734f6f-71c4-11e4-b9af-fdd44115e303</ObjectKey></Node></From><To><Node type="urn:com:soa:ObjectKey"><ObjectKey class="com.soa.service.operation.model.BindingOperationQualifiedKey">{https://na4.salesforce.com/services/data/v20.0/}SalesforceV20_API$$${https://na4.salesforce.com/services/data/v20.0/}SalesforceV20_API_Binding$$$GET__query</ObjectKey></Node></To></Link><Link type="interface->service:implements"><From><Node type="urn:com:soa:ObjectKey"><ObjectKey class="com.soa.wsdl.model.impl.WsdlInterfaceImpl">uddi:d20279c4-855f-b85a-8e68-a4e710409060</ObjectKey></Node></From><To><Node type="urn:com:soa:ObjectKey"><ObjectKey class="com.soa.service.model.ServiceKey">uddi:42f77fbd-8a3a-11e4-b5c8-fd5ef4f56435</ObjectKey></Node></To></Link><Link type="service->endpoint:child"><From><Node type="urn:com:soa:ObjectKey"><ObjectKey class="com.soa.service.model.ServiceKey">uddi:42f77fbd-8a3a-11e4-b5c8-fd5ef4f56435</ObjectKey></Node></From><To><Node type="urn:com:soa:ObjectKey"><ObjectKey class="com.soa.service.endpoint.EndpointKey">uddi:380e451c-b312-11e4-a144-ca760559c5eb</ObjectKey></Node></To></Link><Link type="operation->service:parent"><From><Node type="urn:com:soa:ObjectKey"><ObjectKey class="com.soa.service.operation.model.OperationKey">edd0dab6-97c0-11e4-bfec-8fb3ddad882e</ObjectKey></Node></From><To><Node type="urn:com:soa:ObjectKey"><ObjectKey class="com.soa.service.model.ServiceKey">uddi:25734f6f-71c4-11e4-b9af-fdd44115e303</ObjectKey></Node></To></Link><Link type="operation->service:parent"><From><Node type="urn:com:soa:ObjectKey"><ObjectKey class="com.soa.service.operation.model.OperationKey">edce69af-97c0-11e4-bfec-8fb3ddad882e</ObjectKey></Node></From><To><Node type="urn:com:soa:ObjectKey"><ObjectKey class="com.soa.service.model.ServiceKey">uddi:25734f6f-71c4-11e4-b9af-fdd44115e303</ObjectKey></Node></To></Link><Link type="process->process:ReferedBy"><From><Node type="urn:com:soa:ObjectKey"><ObjectKey class="com.soa.bpel.BpelKey">bpel:ec5880c3-73e7-11e4-8041-92f47835f0a7</ObjectKey></Node></From><To><Node type="urn:com:soa:ObjectKey"><ObjectKey class="com.soa.bpel.BpelKey">bpel:bf1a3a40-8a3e-11e4-b5c8-fd5ef4f56435</ObjectKey></Node></To></Link><Link type="service->operation:child"><From><Node type="urn:com:soa:ObjectKey"><ObjectKey class="com.soa.service.model.ServiceKey">uddi:42f77fbd-8a3a-11e4-b5c8-fd5ef4f56435</ObjectKey></Node></From><To><Node type="urn:com:soa:ObjectKey"><ObjectKey class="com.soa.service.operation.model.OperationKey">37f84c18-b312-11e4-a144-ca760559c5eb</ObjectKey></Node></To></Link><Link type="bndoperation->service:parent"><From><Node type="urn:com:soa:ObjectKey"><ObjectKey class="com.soa.service.operation.model.BindingOperationQualifiedKey">{https://na4.salesforce.com/services/data/v20.0/}SalesforceV20_API$$${https://na4.salesforce.com/services/data/v20.0/}SalesforceV20_API_Binding$$$POST__sobjects_Account</ObjectKey></Node></From><To><Node type="urn:com:soa:ObjectKey"><ObjectKey class="com.soa.service.model.ServiceKey">uddi:25734f6f-71c4-11e4-b9af-fdd44115e303</ObjectKey></Node></To></Link><Link type="interface->service:implements"><From><Node type="urn:com:soa:ObjectKey"><ObjectKey class="com.soa.wsdl.model.impl.WsdlInterfaceImpl">uddi:92a520cb-7787-53fd-1cc4-815a6d572734</ObjectKey></Node></From><To><Node type="urn:com:soa:ObjectKey"><ObjectKey class="com.soa.service.model.ServiceKey">uddi:25734f6f-71c4-11e4-b9af-fdd44115e303</ObjectKey></Node></To></Link><Link type="bndoperation->service:parent"><From><Node type="urn:com:soa:ObjectKey"><ObjectKey class="com.soa.service.operation.model.BindingOperationQualifiedKey">{https://na4.salesforce.com/services/data/v20.0/}SalesforceV20_API$$${https://na4.salesforce.com/services/data/v20.0/}SalesforceV20_API_Binding$$$GET__sobjects_Account__id_</ObjectKey></Node></From><To><Node type="urn:com:soa:ObjectKey"><ObjectKey class="com.soa.service.model.ServiceKey">uddi:25734f6f-71c4-11e4-b9af-fdd44115e303</ObjectKey></Node></To></Link><Link type="service->bndoperation:child"><From><Node type="urn:com:soa:ObjectKey"><ObjectKey class="com.soa.service.model.ServiceKey">uddi:25734f6f-71c4-11e4-b9af-fdd44115e303</ObjectKey></Node></From><To><Node type="urn:com:soa:ObjectKey"><ObjectKey class="com.soa.service.operation.model.BindingOperationQualifiedKey">{https://na4.salesforce.com/services/data/v20.0/}SalesforceV20_API$$${https://na4.salesforce.com/services/data/v20.0/}SalesforceV20_API_Binding$$$POST__sobjects_Account</ObjectKey></Node></To></Link><Link type="virtualop->bpel:route"><From><Node type="urn:com:soa:ObjectKey"><ObjectKey class="com.soa.service.operation.model.OperationKey">37f761b5-b312-11e4-a144-ca760559c5eb</ObjectKey></Node></From><To><Node type="urn:com:soa:ObjectKey"><ObjectKey class="com.soa.bpel.BpelKey">bpel:bf1a3a40-8a3e-11e4-b5c8-fd5ef4f56435</ObjectKey></Node></To></Link><Link type="bpel->virtualop:routedBy"><From><Node type="urn:com:soa:ObjectKey"><ObjectKey class="com.soa.bpel.BpelKey">bpel:bf1a3a40-8a3e-11e4-b5c8-fd5ef4f56435</ObjectKey></Node></From><To><Node type="urn:com:soa:ObjectKey"><ObjectKey class="com.soa.service.operation.model.OperationKey">37f761b5-b312-11e4-a144-ca760559c5eb</ObjectKey></Node></To></Link><Link type="service->bndoperation:child"><From><Node type="urn:com:soa:ObjectKey"><ObjectKey class="com.soa.service.model.ServiceKey">uddi:25734f6f-71c4-11e4-b9af-fdd44115e303</ObjectKey></Node></From><To><Node type="urn:com:soa:ObjectKey"><ObjectKey class="com.soa.service.operation.model.BindingOperationQualifiedKey">{https://na4.salesforce.com/services/data/v20.0/}SalesforceV20_API$$${https://na4.salesforce.com/services/data/v20.0/}SalesforceV20_API_Binding$$$GET__sobjects_Account__id_</ObjectKey></Node></To></Link><Link type="endpoint->service:parent"><From><Node type="urn:com:soa:ObjectKey"><ObjectKey class="com.soa.service.endpoint.EndpointKey">uddi:744e81fc-6e92-11e4-8fed-dad2b3c7c30a</ObjectKey></Node></From><To><Node type="urn:com:soa:ObjectKey"><ObjectKey class="com.soa.service.model.ServiceKey">uddi:7419dd65-6e92-11e4-8fed-dad2b3c7c30a</ObjectKey></Node></To></Link><Link type="org->service:child"><From><Node type="urn:com:soa:ObjectKey"><ObjectKey class="com.soa.organization.model.OrganizationKey">uddi:88af7f2a-b593-11e4-86ce-86c450a25418</ObjectKey></Node></From><To><Node type="urn:com:soa:ObjectKey"><ObjectKey class="com.soa.service.model.ServiceKey">uddi:7419dd65-6e92-11e4-8fed-dad2b3c7c30a</ObjectKey></Node></To></Link><Link type="service->container:Hosts"><From><Node type="urn:com:soa:ObjectKey"><ObjectKey class="com.soa.service.model.ServiceKey">uddi:42f77fbd-8a3a-11e4-b5c8-fd5ef4f56435</ObjectKey></Node></From><To><Node type="urn:com:soa:ObjectKey"><ObjectKey class="com.soa.svccontainer.ContainerKey">ND-Cluster</ObjectKey></Node></To></Link><Link type="org->service:child"><From><Node type="urn:com:soa:ObjectKey"><ObjectKey class="com.soa.organization.model.OrganizationKey">uddi:88af7f2a-b593-11e4-86ce-86c450a25418</ObjectKey></Node></From><To><Node type="urn:com:soa:ObjectKey"><ObjectKey class="com.soa.service.model.ServiceKey">uddi:42f77fbd-8a3a-11e4-b5c8-fd5ef4f56435</ObjectKey></Node></To></Link><Link type="service->operation:child"><From><Node type="urn:com:soa:ObjectKey"><ObjectKey class="com.soa.service.model.ServiceKey">uddi:25734f6f-71c4-11e4-b9af-fdd44115e303</ObjectKey></Node></From><To><Node type="urn:com:soa:ObjectKey"><ObjectKey class="com.soa.service.operation.model.OperationKey">edd3e7f9-97c0-11e4-bfec-8fb3ddad882e</ObjectKey></Node></To></Link><Link type="bndoperation->service:parent"><From><Node type="urn:com:soa:ObjectKey"><ObjectKey class="com.soa.service.operation.model.BindingOperationQualifiedKey">{https://na4.salesforce.com/services/data/v20.0/}SalesforceV20_API$$${https://na4.salesforce.com/services/data/v20.0/}SalesforceV20_API_Binding$$$GET__query</ObjectKey></Node></From><To><Node type="urn:com:soa:ObjectKey"><ObjectKey class="com.soa.service.model.ServiceKey">uddi:25734f6f-71c4-11e4-b9af-fdd44115e303</ObjectKey></Node></To></Link><Link type="process->process:refer"><From><Node type="urn:com:soa:ObjectKey"><ObjectKey class="com.soa.bpel.BpelKey">bpel:bf1a3a40-8a3e-11e4-b5c8-fd5ef4f56435</ObjectKey></Node></From><To><Node type="urn:com:soa:ObjectKey"><ObjectKey class="com.soa.bpel.BpelKey">bpel:ec5880c3-73e7-11e4-8041-92f47835f0a7</ObjectKey></Node></To></Link><Link type="operation->service:parent"><From><Node type="urn:com:soa:ObjectKey"><ObjectKey class="com.soa.service.operation.model.OperationKey">37f761b5-b312-11e4-a144-ca760559c5eb</ObjectKey></Node></From><To><Node type="urn:com:soa:ObjectKey"><ObjectKey class="com.soa.service.model.ServiceKey">uddi:42f77fbd-8a3a-11e4-b5c8-fd5ef4f56435</ObjectKey></Node></To></Link></Links></DepedendencyGraph>