<?xml version="1.0" encoding="UTF-8"?>
<ns2:ExportConfiguration xmlns:ns1="http://digev.com/uri/products/Types/xsd/1.0" xmlns:ns10="http://soa.com/uri/products/IdentityAuthorization/xsd/1.0" xmlns:ns11="http://soa.com/uri/products/Policy/xsd/1.0" xmlns:ns12="http://digev.com/uri/products/AlertManager/xsd/1.0" xmlns:ns13="http://soa.com/uri/products/Contracts/xsd/1.0" xmlns:ns14="http://digev.com/uri/products/PolicyManager/xsd/1.0" xmlns:ns15="urn:uddi-org:sub_v3" xmlns:ns2="http://www.soa.com/uri/products/ServiceManagerMigration/xsd/1.0" xmlns:ns3="http://digev.com/uri/products/ManagementServer/xsd/1.0" xmlns:ns4="http://www.soa.com/uri/products/SLAPolicy/xsd/1.0" xmlns:ns5="urn:uddi-org:api_v3" xmlns:ns6="http://www.w3.org/2000/09/xmldsig#" xmlns:ns7="http://soa.com/uri/products/ServiceProperties/1.0" xmlns:ns8="http://soa.com/uri/products/ServiceEndpointProperties/1.0" xmlns:ns9="http://soa.com/uri/products/Organization/xsd/1.0"><ns2:SourceOrganization><ns1:Key>uddi:soa.com:registryorganization</ns1:Key></ns2:SourceOrganization><ns2:ExportObjectConfiguration><ns1:OrganizationKey><ns1:Key>uddi:88af7f2a-b593-11e4-86ce-86c450a25418</ns1:Key></ns1:OrganizationKey><ns2:ExportOrganization><ns9:Organization><ns9:OrganizationKey><ns1:Key>uddi:88af7f2a-b593-11e4-86ce-86c450a25418</ns1:Key></ns9:OrganizationKey><ns9:ParentKey><ns1:Key>uddi:soa.com:registryorganization</ns1:Key></ns9:ParentKey><ns9:Name>Box API Integration</ns9:Name><ns9:Description></ns9:Description><ns9:OrganizationType>Project</ns9:OrganizationType></ns9:Organization><ns5:businessEntity businessKey="uddi:88af7f2a-b593-11e4-86ce-86c450a25418"><ns5:name>Box API Integration</ns5:name><ns5:categoryBag><ns5:keyedReferenceGroup tModelKey="uddi:soa.com:organization:group"><ns5:keyedReference keyName="Organization type" keyValue="Project" tModelKey="uddi:soa.com:categorization:organizationtype"/></ns5:keyedReferenceGroup></ns5:categoryBag></ns5:businessEntity></ns2:ExportOrganization></ns2:ExportObjectConfiguration><ns2:ExportObjectConfiguration><ns1:BpelKey><ns1:Key>bpel:ec5880c3-73e7-11e4-8041-92f47835f0a7</ns1:Key></ns1:BpelKey><ns2:ExportBpel><ns2:BpelUri>bpels/bpel_ec5880c3-73e7-11e4-8041-92f47835f0a7.xml</ns2:BpelUri></ns2:ExportBpel></ns2:ExportObjectConfiguration><ns2:ExportObjectConfiguration><ns1:BpelKey><ns1:Key>bpel:0b25d926-ba2a-11e4-b601-c3008ab26c84</ns1:Key></ns1:BpelKey><ns2:ExportBpel><ns2:BpelUri>bpels/bpel_0b25d926-ba2a-11e4-b601-c3008ab26c84.xml</ns2:BpelUri></ns2:ExportBpel></ns2:ExportObjectConfiguration><ns2:ExportObjectConfiguration><ns1:BpelKey><ns1:Key>bpel:bf1a3a40-8a3e-11e4-b5c8-fd5ef4f56435</ns1:Key></ns1:BpelKey><ns2:ExportBpel><ns2:BpelUri>bpels/bpel_bf1a3a40-8a3e-11e4-b5c8-fd5ef4f56435.xml</ns2:BpelUri></ns2:ExportBpel></ns2:ExportObjectConfiguration><ns2:ExportObjectConfiguration><ns1:BpelKey><ns1:Key>bpel:6baecaf4-6f33-11e4-8fed-dad2b3c7c30a</ns1:Key></ns1:BpelKey><ns2:ExportBpel><ns2:BpelUri>bpels/bpel_6baecaf4-6f33-11e4-8fed-dad2b3c7c30a.xml</ns2:BpelUri></ns2:ExportBpel></ns2:ExportObjectConfiguration><ns2:ExportObjectConfiguration><ns1:BpelKey><ns1:Key>bpel:581480b3-9c76-11e4-86cb-9dd3afff76de</ns1:Key></ns1:BpelKey><ns2:ExportBpel><ns2:BpelUri>bpels/bpel_581480b3-9c76-11e4-86cb-9dd3afff76de.xml</ns2:BpelUri></ns2:ExportBpel></ns2:ExportObjectConfiguration><ns2:ExportObjectConfiguration><ns1:InterfaceKey><ns1:Key>uddi:d20279c4-855f-b85a-8e68-a4e710409060</ns1:Key><ns1:InterfaceQName>{http://www.soa.com/trialleads}TrialLeads_API_PortType</ns1:InterfaceQName></ns1:InterfaceKey><ns2:ExportInterface><ns5:tModel deleted="false" tModelKey="uddi:d20279c4-855f-b85a-8e68-a4e710409060"><ns5:name>TrialLeads_API_PortType</ns5:name><ns5:categoryBag><ns5:keyedReference keyName="WSDL type" keyValue="portType" tModelKey="uddi:uddi.org:wsdl:types"/><ns5:keyedReference keyName="portType namespace" keyValue="http://www.soa.com/trialleads" tModelKey="uddi:uddi.org:xml:namespace"/></ns5:categoryBag></ns5:tModel><ns2:InterfaceWsdlUri>wsdls/uddi_d20279c4-855f-b85a-8e68-a4e710409060.wsdl</ns2:InterfaceWsdlUri></ns2:ExportInterface></ns2:ExportObjectConfiguration><ns2:ExportObjectConfiguration><ns1:BindingKey><ns1:Key>uddi:3843dedd-8d3e-3f89-0dd3-4983132d1fd0</ns1:Key><ns1:BindingQName>{http://www.soa.com/trialleads}TrialLeads_API_Binding</ns1:BindingQName><ns1:BindingType>binding.http</ns1:BindingType></ns1:BindingKey><ns2:ExportBinding><ns5:tModel deleted="false" tModelKey="uddi:3843dedd-8d3e-3f89-0dd3-4983132d1fd0"><ns5:name>TrialLeads_API_Binding</ns5:name><ns5:categoryBag><ns5:keyedReference keyName="uddi-org:types" keyValue="wsdlSpec" tModelKey="uddi:uddi.org:categorization:types"/><ns5:keyedReference keyName="portType Reference" keyValue="uddi:d20279c4-855f-b85a-8e68-a4e710409060" tModelKey="uddi:uddi.org:wsdl:porttypereference"/><ns5:keyedReference keyName="WSDL type" keyValue="binding" tModelKey="uddi:uddi.org:wsdl:types"/><ns5:keyedReference keyName="binding namespace" keyValue="http://www.soa.com/trialleads" tModelKey="uddi:uddi.org:xml:namespace"/></ns5:categoryBag></ns5:tModel><ns2:BindingWsdlUri>wsdls/uddi_3843dedd-8d3e-3f89-0dd3-4983132d1fd0.wsdl</ns2:BindingWsdlUri></ns2:ExportBinding></ns2:ExportObjectConfiguration><ns2:ExportObjectConfiguration><ns1:ServiceKey><ns1:Key>uddi:42f77fbd-8a3a-11e4-b5c8-fd5ef4f56435</ns1:Key><ns1:ServiceQName>{http://www.soa.com/trialleads}TrialLeads_API_Binding</ns1:ServiceQName></ns1:ServiceKey><ns2:ExportService><ns3:VirtualService BusinessKey="uddi:88af7f2a-b593-11e4-86ce-86c450a25418" ServiceKey="uddi:42f77fbd-8a3a-11e4-b5c8-fd5ef4f56435" WsdlServiceLocalName="TrialLeads_API_Binding" WsdlTargetNamespaceUrl="http://www.soa.com/trialleads"><ns3:Name>TrialLeads_API_vs1</ns3:Name><ns3:Operations><ns3:LogicalOperation InterfaceName="{http://www.soa.com/trialleads}TrialLeads_API_PortType" ManagementState="Enabled" NumOfVirtualizedOperations="0" OperationKey="b41780fc-dcc3-11e4-bea5-dbead20d92c4" OperationLastUpdatedAt="2015-04-21T00:04:46.797Z" OperationName="GET /leads" PolicyAvailable="true" ServiceKey="uddi:42f77fbd-8a3a-11e4-b5c8-fd5ef4f56435" WsdlOperationName="GET__leads"/><ns3:LogicalOperation InterfaceName="{http://www.soa.com/trialleads}TrialLeads_API_PortType" ManagementState="Enabled" NextHopOperationKey="uddi:b4959d0b-e7b8-11e4-94bf-b0d1b8a1a875$$${https://akana.salesforce.com/services/data/v20.0/}SalesforceV20_API_PortType$$$POST__sobjects_Lead" NextHopOperationName="POST /sobjects/Lead" NextHopServiceKey="uddi:b4959d0b-e7b8-11e4-94bf-b0d1b8a1a875" NextHopServiceName="SalesforceV20_API_vs0" NumOfVirtualizedOperations="0" OperationKey="b416bda9-dcc3-11e4-bea5-dbead20d92c4" OperationLastUpdatedAt="2015-04-21T00:04:46.797Z" OperationName="POST /leads" PolicyAvailable="true" ServiceKey="uddi:42f77fbd-8a3a-11e4-b5c8-fd5ef4f56435" WsdlOperationName="POST__leads"><ns3:NextHopOperation InterfaceName="{https://akana.salesforce.com/services/data/v20.0/}SalesforceV20_API_PortType" OperationKey="b4df0226-e7b8-11e4-94bf-b0d1b8a1a875" OperationLastUpdatedAt="2015-04-20T23:55:23.650Z" OperationName="POST /sobjects/Lead" ServiceKey="uddi:b4959d0b-e7b8-11e4-94bf-b0d1b8a1a875" ServiceName="SalesforceV20_API_vs0" WsdlOperationName="POST__sobjects_Lead"/></ns3:LogicalOperation></ns3:Operations></ns3:VirtualService><ns5:businessService businessKey="uddi:88af7f2a-b593-11e4-86ce-86c450a25418" serviceKey="uddi:42f77fbd-8a3a-11e4-b5c8-fd5ef4f56435"><ns5:name>TrialLeads_API_vs1</ns5:name><ns5:bindingTemplates><ns5:bindingTemplate bindingKey="uddi:b534b0d6-dcc3-11e4-bea5-dbead20d92c4" serviceKey="uddi:42f77fbd-8a3a-11e4-b5c8-fd5ef4f56435"><ns5:accessPoint useType="endPoint">http://localhost:9905/leads_vs1</ns5:accessPoint><ns5:tModelInstanceDetails><ns5:tModelInstanceInfo tModelKey="uddi:3843dedd-8d3e-3f89-0dd3-4983132d1fd0"><ns5:description>The wsdl:binding that this wsdl:port implements. The instanceParms specifies the port local name.</ns5:description><ns5:instanceDetails><ns5:instanceParms>HTTPS</ns5:instanceParms></ns5:instanceDetails></ns5:tModelInstanceInfo><ns5:tModelInstanceInfo tModelKey="uddi:d20279c4-855f-b85a-8e68-a4e710409060"><ns5:description>The wsdl:portType that this wsdl:port implements.</ns5:description></ns5:tModelInstanceInfo></ns5:tModelInstanceDetails><ns5:categoryBag><ns5:keyedReference keyName="WSDL type" keyValue="port" tModelKey="uddi:uddi.org:wsdl:types"/><ns5:keyedReferenceGroup tModelKey="uddi:soa.com:serviceendpoint:group"><ns5:keyedReference keyName="containerKey" keyValue="283b5d7c-b1dc-456d-ad3d-98cb1fc5" tModelKey="uddi:soa.com:serviceendpoint:containername"/><ns5:keyedReference keyName="listenerName" keyValue="default-http0" tModelKey="uddi:soa.com:serviceendpoint:listenername"/></ns5:keyedReferenceGroup></ns5:categoryBag></ns5:bindingTemplate></ns5:bindingTemplates><ns5:categoryBag><ns5:keyedReference keyName="Virtual Service" keyValue="Virtual Service" tModelKey="uddi:digev.com:categorization:services"/><ns5:keyedReference keyName="Staging" keyValue="Staging" tModelKey="uddi:soa.com:servicelifecyclestage"/><ns5:keyedReference keyName="WSDL type" keyValue="service" tModelKey="uddi:uddi.org:wsdl:types"/><ns5:keyedReference keyName="service namespace" keyValue="http://www.soa.com/trialleads" tModelKey="uddi:uddi.org:xml:namespace"/><ns5:keyedReference keyName="service local name" keyValue="TrialLeads_API_Binding" tModelKey="uddi:uddi.org:xml:localname"/><ns5:keyedReference keyName="Managed Service" keyValue="Managed Service" tModelKey="uddi:digev.com:categorization:services"/><ns5:keyedReferenceGroup tModelKey="uddi:soa.com:service:group"/></ns5:categoryBag></ns5:businessService><ns2:ExportServiceEndpoint><ns8:ServiceEndpoint><ns8:ServiceKey>uddi:42f77fbd-8a3a-11e4-b5c8-fd5ef4f56435</ns8:ServiceKey><ns8:Name>uddi:b534b0d6-dcc3-11e4-bea5-dbead20d92c4</ns8:Name><ns8:Url>http://localhost:9905/leads_vs1</ns8:Url><ns8:BindingQName>{http://www.soa.com/trialleads}TrialLeads_API_Binding</ns8:BindingQName><ns8:PortName>HTTPS</ns8:PortName><ns8:Protocol>http</ns8:Protocol><ns8:ContainerKey>283b5d7c-b1dc-456d-ad3d-98cb1fc5</ns8:ContainerKey><ns8:ListenerName>default-http0</ns8:ListenerName></ns8:ServiceEndpoint><ns2:EndpointWsdlUri>wsdls/uddi_b534b0d6-dcc3-11e4-bea5-dbead20d92c4.wsdl</ns2:EndpointWsdlUri></ns2:ExportServiceEndpoint><ns2:BpelUri>services/uddi_42f77fbd-8a3a-11e4-b5c8-fd5ef4f56435/bpel.xml</ns2:BpelUri><ns2:ManagementUri>services/uddi_42f77fbd-8a3a-11e4-b5c8-fd5ef4f56435/management.xml</ns2:ManagementUri></ns2:ExportService></ns2:ExportObjectConfiguration><ns2:ExportObjectConfiguration><ns1:ContractKey><ns1:Key>b496d3b3-b597-11e4-86ce-86c450a25418</ns1:Key></ns1:ContractKey><ns2:ExportContract><ns13:Contract><ns13:ContractInfo Anonymous="true" Key="b496d3b3-b597-11e4-86ce-86c450a25418:1094" Name="Anonymous" State="Draft"><ns13:Description></ns13:Description><ns13:ProviderOrganizationKey>uddi:88af7f2a-b593-11e4-86ce-86c450a25418</ns13:ProviderOrganizationKey><ns1:EffectiveDateTimes><ns1:StartDateTime><ns1:DateTime>2015-02-16T15:52:00+11:00</ns1:DateTime><ns1:TimezoneName>Australia/Sydney</ns1:TimezoneName></ns1:StartDateTime><ns1:EndDateTime><ns1:DateTime>2016-02-16T15:52:00+11:00</ns1:DateTime><ns1:TimezoneName>Australia/Sydney</ns1:TimezoneName></ns1:EndDateTime><ns1:Expire>false</ns1:Expire></ns1:EffectiveDateTimes><ns13:ContractVersionInfo><ns13:LastModifiedTimestamp>2015-04-07Z</ns13:LastModifiedTimestamp><ns13:User>Local Domain\administrator</ns13:User><ns13:MetadataVersion>4</ns13:MetadataVersion><ns13:ActiveMetadataVersion>0</ns13:ActiveMetadataVersion></ns13:ContractVersionInfo><ns13:ContractType>service.contract</ns13:ContractType></ns13:ContractInfo><ns13:ContractScope><ns1:OrganizationKey>uddi:88af7f2a-b593-11e4-86ce-86c450a25418</ns1:OrganizationKey></ns13:ContractScope></ns13:Contract></ns2:ExportContract></ns2:ExportObjectConfiguration><ns2:ExportObjectConfiguration><ns1:IdentityKey><ns1:Key>Local Domain\9KOu1+RMnccZr+syHxQhQQ==</ns1:Key><ns1:DomainName>Local Domain</ns1:DomainName><ns1:UserName>9KOu1+RMnccZr+syHxQhQQ==</ns1:UserName></ns1:IdentityKey><ns2:ExportUserIdentity><ns14:User DomainName="Local Domain" UserName="9KOu1+RMnccZr+syHxQhQQ=="><ns14:FullName>Service: uddi:42f77fbd-8a3a-11e4-b5c8-fd5ef4f56435</ns14:FullName><ns14:IdentityKey>urn:uuid:b3ea0856-dcc3-11e4-bea5-dbead20d92c4</ns14:IdentityKey><ns14:Password>9KsSxOn1t/uIrOWnIitHAM+Xx4ZE5gQdLB5KRKRWWXRnwVKWWU67yfHD0akdCodgsCXk1IOPnYXq0WPZKoIbeA==</ns14:Password><ns14:Disabled>false</ns14:Disabled><ns14:ForcePwdResetOnNextLogin>false</ns14:ForcePwdResetOnNextLogin><ns14:Expired>false</ns14:Expired><ns14:ReadOnly>true</ns14:ReadOnly><ns14:PasswordFrmSeed>0</ns14:PasswordFrmSeed><ns14:OrganizationKey>uddi:soa.com:registryorganization</ns14:OrganizationKey><ns14:PasswordSalt>IIfD2JziLebxLfqtTFZgETLAxYAtNeRzpJmbeeq8ZBloX4aeDehEpcmpFN83CRYHvwWCuXK73IGTZiKh+kB9oA==</ns14:PasswordSalt></ns14:User><ns2:PKIGenerated>true</ns2:PKIGenerated></ns2:ExportUserIdentity></ns2:ExportObjectConfiguration></ns2:ExportConfiguration>