<?xml version="1.0" encoding="UTF-8"?>
<DepedendencyGraph version="1.1"><Nodes><Node type="urn:com:soa:ObjectKey"><ObjectKey class="com.soa.service.operation.model.OperationKey">b416bda9-dcc3-11e4-bea5-dbead20d92c4</ObjectKey></Node><Node type="urn:com:soa:ObjectKey"><ObjectKey class="com.soa.bpel.BpelKey">bpel:ec5880c3-73e7-11e4-8041-92f47835f0a7</ObjectKey><property class="java.lang.String" name="_NAME_" type="urn:com:soa:SimpleProperty">SalesForceOAuthPostLead</property></Node><Node type="urn:com:soa:ObjectKey"><ObjectKey class="com.soa.bpel.BpelKey">bpel:0b25d926-ba2a-11e4-b601-c3008ab26c84</ObjectKey><property class="java.lang.String" name="_NAME_" type="urn:com:soa:SimpleProperty">PostLeadToBox</property></Node><Node type="urn:com:soa:ObjectKey"><ObjectKey class="com.soa.wsdl.model.impl.WsdlInterfaceImpl">uddi:d20279c4-855f-b85a-8e68-a4e710409060</ObjectKey><property class="java.lang.String" name="_NAME_" type="urn:com:soa:SimpleProperty">{http://www.soa.com/trialleads}TrialLeads_API_PortType</property></Node><Node type="urn:com:soa:ObjectKey"><ObjectKey class="com.soa.contracts.ContractKey">b496d3b3-b597-11e4-86ce-86c450a25418:1094</ObjectKey><property class="java.lang.String" name="_NAME_" type="urn:com:soa:SimpleProperty">Anonymous</property></Node><Node type="urn:com:soa:ObjectKey"><ObjectKey class="com.soa.wsdl.model.impl.WsdlBindingImpl">uddi:3843dedd-8d3e-3f89-0dd3-4983132d1fd0</ObjectKey><property class="java.lang.String" name="_NAME_" type="urn:com:soa:SimpleProperty">{http://www.soa.com/trialleads}TrialLeads_API_Binding</property></Node><Node type="urn:com:soa:ObjectKey"><ObjectKey class="com.soa.policy.config.model.PolicyKey">DetailedAuditing</ObjectKey><property class="java.lang.String" name="_NAME_" type="urn:com:soa:SimpleProperty">DetailedAuditing</property></Node><Node type="urn:com:soa:ObjectKey"><ObjectKey class="com.soa.bpel.BpelKey">bpel:bf1a3a40-8a3e-11e4-b5c8-fd5ef4f56435</ObjectKey></Node><Node type="urn:com:soa:ObjectKey"><ObjectKey class="com.soa.security.util.QualifiedUserName">Local Domain\9KOu1+RMnccZr+syHxQhQQ==</ObjectKey></Node><Node type="urn:com:soa:ObjectKey"><ObjectKey class="com.soa.service.model.ServiceKey">uddi:42f77fbd-8a3a-11e4-b5c8-fd5ef4f56435</ObjectKey><property class="java.lang.String" name="_NAME_" type="urn:com:soa:SimpleProperty">TrialLeads_API_vs1</property></Node><Node type="urn:com:soa:ObjectKey"><ObjectKey class="com.soa.service.operation.model.BindingOperationQualifiedKey">{http://www.soa.com/trialleads}TrialLeads_API_Binding$$${http://www.soa.com/trialleads}TrialLeads_API_Binding$$$GET__leads</ObjectKey></Node><Node type="urn:com:soa:ObjectKey"><ObjectKey class="com.soa.bpel.BpelKey">bpel:6baecaf4-6f33-11e4-8fed-dad2b3c7c30a</ObjectKey><property class="java.lang.String" name="_NAME_" type="urn:com:soa:SimpleProperty">SalesForceOAuth</property></Node><Node type="urn:com:soa:ObjectKey"><ObjectKey class="com.soa.service.operation.model.OperationKey">b41780fc-dcc3-11e4-bea5-dbead20d92c4</ObjectKey></Node><Node type="urn:com:soa:ObjectKey"><ObjectKey class="com.soa.service.operation.model.BindingOperationQualifiedKey">{http://www.soa.com/trialleads}TrialLeads_API_Binding$$${http://www.soa.com/trialleads}TrialLeads_API_Binding$$$POST__leads</ObjectKey></Node><Node type="urn:com:soa:ObjectKey"><ObjectKey class="com.soa.bpel.BpelKey">bpel:581480b3-9c76-11e4-86cb-9dd3afff76de</ObjectKey><property class="java.lang.String" name="_NAME_" type="urn:com:soa:SimpleProperty">UploadFileToBox</property></Node><Node type="urn:com:soa:ObjectKey"><ObjectKey class="com.soa.svccontainer.ContainerKey">283b5d7c-b1dc-456d-ad3d-98cb1fc5</ObjectKey><property class="java.lang.String" name="_NAME_" type="urn:com:soa:SimpleProperty">nd</property></Node><Node type="urn:com:soa:ObjectKey"><ObjectKey class="com.soa.service.endpoint.EndpointKey">uddi:b534b0d6-dcc3-11e4-bea5-dbead20d92c4</ObjectKey></Node><Node type="urn:com:soa:ObjectKey"><ObjectKey class="com.soa.organization.model.OrganizationKey">uddi:88af7f2a-b593-11e4-86ce-86c450a25418</ObjectKey><property class="java.lang.String" name="_NAME_" type="urn:com:soa:SimpleProperty">Box API Integration</property></Node></Nodes><Links><Link type="process->process:ReferedBy"><From><Node type="urn:com:soa:ObjectKey"><ObjectKey class="com.soa.bpel.BpelKey">bpel:0b25d926-ba2a-11e4-b601-c3008ab26c84</ObjectKey></Node></From><To><Node type="urn:com:soa:ObjectKey"><ObjectKey class="com.soa.bpel.BpelKey">bpel:bf1a3a40-8a3e-11e4-b5c8-fd5ef4f56435</ObjectKey></Node></To></Link><Link type="interface->service:implements"><From><Node type="urn:com:soa:ObjectKey"><ObjectKey class="com.soa.wsdl.model.impl.WsdlInterfaceImpl">uddi:d20279c4-855f-b85a-8e68-a4e710409060</ObjectKey></Node></From><To><Node type="urn:com:soa:ObjectKey"><ObjectKey class="com.soa.service.model.ServiceKey">uddi:42f77fbd-8a3a-11e4-b5c8-fd5ef4f56435</ObjectKey></Node></To></Link><Link type="process->organization:refer"><From><Node type="urn:com:soa:ObjectKey"><ObjectKey class="com.soa.bpel.BpelKey">bpel:6baecaf4-6f33-11e4-8fed-dad2b3c7c30a</ObjectKey></Node></From><To><Node type="urn:com:soa:ObjectKey"><ObjectKey class="com.soa.organization.model.OrganizationKey">uddi:88af7f2a-b593-11e4-86ce-86c450a25418</ObjectKey></Node></To></Link><Link type="service->operation:child"><From><Node type="urn:com:soa:ObjectKey"><ObjectKey class="com.soa.service.model.ServiceKey">uddi:42f77fbd-8a3a-11e4-b5c8-fd5ef4f56435</ObjectKey></Node></From><To><Node type="urn:com:soa:ObjectKey"><ObjectKey class="com.soa.service.operation.model.OperationKey">b416bda9-dcc3-11e4-bea5-dbead20d92c4</ObjectKey></Node></To></Link><Link type="organization->process:ReferedBy"><From><Node type="urn:com:soa:ObjectKey"><ObjectKey class="com.soa.organization.model.OrganizationKey">uddi:88af7f2a-b593-11e4-86ce-86c450a25418</ObjectKey></Node></From><To><Node type="urn:com:soa:ObjectKey"><ObjectKey class="com.soa.bpel.BpelKey">bpel:ec5880c3-73e7-11e4-8041-92f47835f0a7</ObjectKey></Node></To></Link><Link type="org->contract:refer"><From><Node type="urn:com:soa:ObjectKey"><ObjectKey class="com.soa.organization.model.OrganizationKey">uddi:88af7f2a-b593-11e4-86ce-86c450a25418</ObjectKey></Node></From><To><Node type="urn:com:soa:ObjectKey"><ObjectKey class="com.soa.contracts.ContractKey">b496d3b3-b597-11e4-86ce-86c450a25418:1094</ObjectKey></Node></To></Link><Link type="service->org:parent"><From><Node type="urn:com:soa:ObjectKey"><ObjectKey class="com.soa.service.model.ServiceKey">uddi:42f77fbd-8a3a-11e4-b5c8-fd5ef4f56435</ObjectKey></Node></From><To><Node type="urn:com:soa:ObjectKey"><ObjectKey class="com.soa.organization.model.OrganizationKey">uddi:88af7f2a-b593-11e4-86ce-86c450a25418</ObjectKey></Node></To></Link><Link type="process->process:ReferedBy"><From><Node type="urn:com:soa:ObjectKey"><ObjectKey class="com.soa.bpel.BpelKey">bpel:581480b3-9c76-11e4-86cb-9dd3afff76de</ObjectKey></Node></From><To><Node type="urn:com:soa:ObjectKey"><ObjectKey class="com.soa.bpel.BpelKey">bpel:0b25d926-ba2a-11e4-b601-c3008ab26c84</ObjectKey></Node></To></Link><Link type="service->bndoperation:child"><From><Node type="urn:com:soa:ObjectKey"><ObjectKey class="com.soa.service.model.ServiceKey">uddi:42f77fbd-8a3a-11e4-b5c8-fd5ef4f56435</ObjectKey></Node></From><To><Node type="urn:com:soa:ObjectKey"><ObjectKey class="com.soa.service.operation.model.BindingOperationQualifiedKey">{http://www.soa.com/trialleads}TrialLeads_API_Binding$$${http://www.soa.com/trialleads}TrialLeads_API_Binding$$$POST__leads</ObjectKey></Node></To></Link><Link type="process->process:ReferedBy"><From><Node type="urn:com:soa:ObjectKey"><ObjectKey class="com.soa.bpel.BpelKey">bpel:6baecaf4-6f33-11e4-8fed-dad2b3c7c30a</ObjectKey></Node></From><To><Node type="urn:com:soa:ObjectKey"><ObjectKey class="com.soa.bpel.BpelKey">bpel:ec5880c3-73e7-11e4-8041-92f47835f0a7</ObjectKey></Node></To></Link><Link type="binding->service:implements"><From><Node type="urn:com:soa:ObjectKey"><ObjectKey class="com.soa.wsdl.model.impl.WsdlBindingImpl">uddi:3843dedd-8d3e-3f89-0dd3-4983132d1fd0</ObjectKey></Node></From><To><Node type="urn:com:soa:ObjectKey"><ObjectKey class="com.soa.service.model.ServiceKey">uddi:42f77fbd-8a3a-11e4-b5c8-fd5ef4f56435</ObjectKey></Node></To></Link><Link type="process->process:refer"><From><Node type="urn:com:soa:ObjectKey"><ObjectKey class="com.soa.bpel.BpelKey">bpel:bf1a3a40-8a3e-11e4-b5c8-fd5ef4f56435</ObjectKey></Node></From><To><Node type="urn:com:soa:ObjectKey"><ObjectKey class="com.soa.bpel.BpelKey">bpel:0b25d926-ba2a-11e4-b601-c3008ab26c84</ObjectKey></Node></To></Link><Link type="service->operation:child"><From><Node type="urn:com:soa:ObjectKey"><ObjectKey class="com.soa.service.model.ServiceKey">uddi:42f77fbd-8a3a-11e4-b5c8-fd5ef4f56435</ObjectKey></Node></From><To><Node type="urn:com:soa:ObjectKey"><ObjectKey class="com.soa.service.operation.model.OperationKey">b41780fc-dcc3-11e4-bea5-dbead20d92c4</ObjectKey></Node></To></Link><Link type="operationalpolicy->service:refer"><From><Node type="urn:com:soa:ObjectKey"><ObjectKey class="com.soa.policy.config.model.PolicyKey">DetailedAuditing</ObjectKey></Node></From><To><Node type="urn:com:soa:ObjectKey"><ObjectKey class="com.soa.service.model.ServiceKey">uddi:42f77fbd-8a3a-11e4-b5c8-fd5ef4f56435</ObjectKey></Node></To></Link><Link type="bndoperation->service:parent"><From><Node type="urn:com:soa:ObjectKey"><ObjectKey class="com.soa.service.operation.model.BindingOperationQualifiedKey">{http://www.soa.com/trialleads}TrialLeads_API_Binding$$${http://www.soa.com/trialleads}TrialLeads_API_Binding$$$POST__leads</ObjectKey></Node></From><To><Node type="urn:com:soa:ObjectKey"><ObjectKey class="com.soa.service.model.ServiceKey">uddi:42f77fbd-8a3a-11e4-b5c8-fd5ef4f56435</ObjectKey></Node></To></Link><Link type="service->endpoint:child"><From><Node type="urn:com:soa:ObjectKey"><ObjectKey class="com.soa.service.model.ServiceKey">uddi:42f77fbd-8a3a-11e4-b5c8-fd5ef4f56435</ObjectKey></Node></From><To><Node type="urn:com:soa:ObjectKey"><ObjectKey class="com.soa.service.endpoint.EndpointKey">uddi:b534b0d6-dcc3-11e4-bea5-dbead20d92c4</ObjectKey></Node></To></Link><Link type="process->organization:refer"><From><Node type="urn:com:soa:ObjectKey"><ObjectKey class="com.soa.bpel.BpelKey">bpel:ec5880c3-73e7-11e4-8041-92f47835f0a7</ObjectKey></Node></From><To><Node type="urn:com:soa:ObjectKey"><ObjectKey class="com.soa.organization.model.OrganizationKey">uddi:88af7f2a-b593-11e4-86ce-86c450a25418</ObjectKey></Node></To></Link><Link type="identity->service:ReferredBy"><From><Node type="urn:com:soa:ObjectKey"><ObjectKey class="com.soa.security.util.QualifiedUserName">Local Domain\9KOu1+RMnccZr+syHxQhQQ==</ObjectKey></Node></From><To><Node type="urn:com:soa:ObjectKey"><ObjectKey class="com.soa.service.model.ServiceKey">uddi:42f77fbd-8a3a-11e4-b5c8-fd5ef4f56435</ObjectKey></Node></To></Link><Link type="service->identity:refer"><From><Node type="urn:com:soa:ObjectKey"><ObjectKey class="com.soa.service.model.ServiceKey">uddi:42f77fbd-8a3a-11e4-b5c8-fd5ef4f56435</ObjectKey></Node></From><To><Node type="urn:com:soa:ObjectKey"><ObjectKey class="com.soa.security.util.QualifiedUserName">Local Domain\9KOu1+RMnccZr+syHxQhQQ==</ObjectKey></Node></To></Link><Link type="endpoint->service:parent"><From><Node type="urn:com:soa:ObjectKey"><ObjectKey class="com.soa.service.endpoint.EndpointKey">uddi:b534b0d6-dcc3-11e4-bea5-dbead20d92c4</ObjectKey></Node></From><To><Node type="urn:com:soa:ObjectKey"><ObjectKey class="com.soa.service.model.ServiceKey">uddi:42f77fbd-8a3a-11e4-b5c8-fd5ef4f56435</ObjectKey></Node></To></Link><Link type="process->process:refer"><From><Node type="urn:com:soa:ObjectKey"><ObjectKey class="com.soa.bpel.BpelKey">bpel:ec5880c3-73e7-11e4-8041-92f47835f0a7</ObjectKey></Node></From><To><Node type="urn:com:soa:ObjectKey"><ObjectKey class="com.soa.bpel.BpelKey">bpel:6baecaf4-6f33-11e4-8fed-dad2b3c7c30a</ObjectKey></Node></To></Link><Link type="process->process:refer"><From><Node type="urn:com:soa:ObjectKey"><ObjectKey class="com.soa.bpel.BpelKey">bpel:0b25d926-ba2a-11e4-b601-c3008ab26c84</ObjectKey></Node></From><To><Node type="urn:com:soa:ObjectKey"><ObjectKey class="com.soa.bpel.BpelKey">bpel:581480b3-9c76-11e4-86cb-9dd3afff76de</ObjectKey></Node></To></Link><Link type="organization->process:ReferedBy"><From><Node type="urn:com:soa:ObjectKey"><ObjectKey class="com.soa.organization.model.OrganizationKey">uddi:88af7f2a-b593-11e4-86ce-86c450a25418</ObjectKey></Node></From><To><Node type="urn:com:soa:ObjectKey"><ObjectKey class="com.soa.bpel.BpelKey">bpel:6baecaf4-6f33-11e4-8fed-dad2b3c7c30a</ObjectKey></Node></To></Link><Link type="container->service:HostedBy"><From><Node type="urn:com:soa:ObjectKey"><ObjectKey class="com.soa.svccontainer.ContainerKey">283b5d7c-b1dc-456d-ad3d-98cb1fc5</ObjectKey></Node></From><To><Node type="urn:com:soa:ObjectKey"><ObjectKey class="com.soa.service.model.ServiceKey">uddi:42f77fbd-8a3a-11e4-b5c8-fd5ef4f56435</ObjectKey></Node></To></Link><Link type="contract->org:parent"><From><Node type="urn:com:soa:ObjectKey"><ObjectKey class="com.soa.contracts.ContractKey">b496d3b3-b597-11e4-86ce-86c450a25418:1094</ObjectKey></Node></From><To><Node type="urn:com:soa:ObjectKey"><ObjectKey class="com.soa.organization.model.OrganizationKey">uddi:88af7f2a-b593-11e4-86ce-86c450a25418</ObjectKey></Node></To></Link><Link type="service->binding:ImplementedBy"><From><Node type="urn:com:soa:ObjectKey"><ObjectKey class="com.soa.service.model.ServiceKey">uddi:42f77fbd-8a3a-11e4-b5c8-fd5ef4f56435</ObjectKey></Node></From><To><Node type="urn:com:soa:ObjectKey"><ObjectKey class="com.soa.wsdl.model.impl.WsdlBindingImpl">uddi:3843dedd-8d3e-3f89-0dd3-4983132d1fd0</ObjectKey></Node></To></Link><Link type="binding->interface:ImplementedBy"><From><Node type="urn:com:soa:ObjectKey"><ObjectKey class="com.soa.wsdl.model.impl.WsdlBindingImpl">uddi:3843dedd-8d3e-3f89-0dd3-4983132d1fd0</ObjectKey></Node></From><To><Node type="urn:com:soa:ObjectKey"><ObjectKey class="com.soa.wsdl.model.impl.WsdlInterfaceImpl">uddi:d20279c4-855f-b85a-8e68-a4e710409060</ObjectKey></Node></To></Link><Link type="service->bndoperation:child"><From><Node type="urn:com:soa:ObjectKey"><ObjectKey class="com.soa.service.model.ServiceKey">uddi:42f77fbd-8a3a-11e4-b5c8-fd5ef4f56435</ObjectKey></Node></From><To><Node type="urn:com:soa:ObjectKey"><ObjectKey class="com.soa.service.operation.model.BindingOperationQualifiedKey">{http://www.soa.com/trialleads}TrialLeads_API_Binding$$${http://www.soa.com/trialleads}TrialLeads_API_Binding$$$GET__leads</ObjectKey></Node></To></Link><Link type="virtualop->bpel:route"><From><Node type="urn:com:soa:ObjectKey"><ObjectKey class="com.soa.service.operation.model.OperationKey">b416bda9-dcc3-11e4-bea5-dbead20d92c4</ObjectKey></Node></From><To><Node type="urn:com:soa:ObjectKey"><ObjectKey class="com.soa.bpel.BpelKey">bpel:bf1a3a40-8a3e-11e4-b5c8-fd5ef4f56435</ObjectKey></Node></To></Link><Link type="process->organization:refer"><From><Node type="urn:com:soa:ObjectKey"><ObjectKey class="com.soa.bpel.BpelKey">bpel:581480b3-9c76-11e4-86cb-9dd3afff76de</ObjectKey></Node></From><To><Node type="urn:com:soa:ObjectKey"><ObjectKey class="com.soa.organization.model.OrganizationKey">uddi:88af7f2a-b593-11e4-86ce-86c450a25418</ObjectKey></Node></To></Link><Link type="organization->process:ReferedBy"><From><Node type="urn:com:soa:ObjectKey"><ObjectKey class="com.soa.organization.model.OrganizationKey">uddi:88af7f2a-b593-11e4-86ce-86c450a25418</ObjectKey></Node></From><To><Node type="urn:com:soa:ObjectKey"><ObjectKey class="com.soa.bpel.BpelKey">bpel:0b25d926-ba2a-11e4-b601-c3008ab26c84</ObjectKey></Node></To></Link><Link type="bpel->virtualop:routedBy"><From><Node type="urn:com:soa:ObjectKey"><ObjectKey class="com.soa.bpel.BpelKey">bpel:bf1a3a40-8a3e-11e4-b5c8-fd5ef4f56435</ObjectKey></Node></From><To><Node type="urn:com:soa:ObjectKey"><ObjectKey class="com.soa.service.operation.model.OperationKey">b416bda9-dcc3-11e4-bea5-dbead20d92c4</ObjectKey></Node></To></Link><Link type="process->process:ReferedBy"><From><Node type="urn:com:soa:ObjectKey"><ObjectKey class="com.soa.bpel.BpelKey">bpel:ec5880c3-73e7-11e4-8041-92f47835f0a7</ObjectKey></Node></From><To><Node type="urn:com:soa:ObjectKey"><ObjectKey class="com.soa.bpel.BpelKey">bpel:bf1a3a40-8a3e-11e4-b5c8-fd5ef4f56435</ObjectKey></Node></To></Link><Link type="service->container:Hosts"><From><Node type="urn:com:soa:ObjectKey"><ObjectKey class="com.soa.service.model.ServiceKey">uddi:42f77fbd-8a3a-11e4-b5c8-fd5ef4f56435</ObjectKey></Node></From><To><Node type="urn:com:soa:ObjectKey"><ObjectKey class="com.soa.svccontainer.ContainerKey">283b5d7c-b1dc-456d-ad3d-98cb1fc5</ObjectKey></Node></To></Link><Link type="interface->binding:implements"><From><Node type="urn:com:soa:ObjectKey"><ObjectKey class="com.soa.wsdl.model.impl.WsdlInterfaceImpl">uddi:d20279c4-855f-b85a-8e68-a4e710409060</ObjectKey></Node></From><To><Node type="urn:com:soa:ObjectKey"><ObjectKey class="com.soa.wsdl.model.impl.WsdlBindingImpl">uddi:3843dedd-8d3e-3f89-0dd3-4983132d1fd0</ObjectKey></Node></To></Link><Link type="operation->service:parent"><From><Node type="urn:com:soa:ObjectKey"><ObjectKey class="com.soa.service.operation.model.OperationKey">b416bda9-dcc3-11e4-bea5-dbead20d92c4</ObjectKey></Node></From><To><Node type="urn:com:soa:ObjectKey"><ObjectKey class="com.soa.service.model.ServiceKey">uddi:42f77fbd-8a3a-11e4-b5c8-fd5ef4f56435</ObjectKey></Node></To></Link><Link type="service->operationalpolicy:ReferedBy"><From><Node type="urn:com:soa:ObjectKey"><ObjectKey class="com.soa.service.model.ServiceKey">uddi:42f77fbd-8a3a-11e4-b5c8-fd5ef4f56435</ObjectKey></Node></From><To><Node type="urn:com:soa:ObjectKey"><ObjectKey class="com.soa.policy.config.model.PolicyKey">DetailedAuditing</ObjectKey></Node></To></Link><Link type="service->interface:ImplementedBy"><From><Node type="urn:com:soa:ObjectKey"><ObjectKey class="com.soa.service.model.ServiceKey">uddi:42f77fbd-8a3a-11e4-b5c8-fd5ef4f56435</ObjectKey></Node></From><To><Node type="urn:com:soa:ObjectKey"><ObjectKey class="com.soa.wsdl.model.impl.WsdlInterfaceImpl">uddi:d20279c4-855f-b85a-8e68-a4e710409060</ObjectKey></Node></To></Link><Link type="org->contract:child"><From><Node type="urn:com:soa:ObjectKey"><ObjectKey class="com.soa.organization.model.OrganizationKey">uddi:88af7f2a-b593-11e4-86ce-86c450a25418</ObjectKey></Node></From><To><Node type="urn:com:soa:ObjectKey"><ObjectKey class="com.soa.contracts.ContractKey">b496d3b3-b597-11e4-86ce-86c450a25418:1094</ObjectKey></Node></To></Link><Link type="operation->service:parent"><From><Node type="urn:com:soa:ObjectKey"><ObjectKey class="com.soa.service.operation.model.OperationKey">b41780fc-dcc3-11e4-bea5-dbead20d92c4</ObjectKey></Node></From><To><Node type="urn:com:soa:ObjectKey"><ObjectKey class="com.soa.service.model.ServiceKey">uddi:42f77fbd-8a3a-11e4-b5c8-fd5ef4f56435</ObjectKey></Node></To></Link><Link type="contract->org:ReferredBy"><From><Node type="urn:com:soa:ObjectKey"><ObjectKey class="com.soa.contracts.ContractKey">b496d3b3-b597-11e4-86ce-86c450a25418:1094</ObjectKey></Node></From><To><Node type="urn:com:soa:ObjectKey"><ObjectKey class="com.soa.organization.model.OrganizationKey">uddi:88af7f2a-b593-11e4-86ce-86c450a25418</ObjectKey></Node></To></Link><Link type="organization->process:ReferedBy"><From><Node type="urn:com:soa:ObjectKey"><ObjectKey class="com.soa.organization.model.OrganizationKey">uddi:88af7f2a-b593-11e4-86ce-86c450a25418</ObjectKey></Node></From><To><Node type="urn:com:soa:ObjectKey"><ObjectKey class="com.soa.bpel.BpelKey">bpel:581480b3-9c76-11e4-86cb-9dd3afff76de</ObjectKey></Node></To></Link><Link type="process->organization:refer"><From><Node type="urn:com:soa:ObjectKey"><ObjectKey class="com.soa.bpel.BpelKey">bpel:0b25d926-ba2a-11e4-b601-c3008ab26c84</ObjectKey></Node></From><To><Node type="urn:com:soa:ObjectKey"><ObjectKey class="com.soa.organization.model.OrganizationKey">uddi:88af7f2a-b593-11e4-86ce-86c450a25418</ObjectKey></Node></To></Link><Link type="org->service:child"><From><Node type="urn:com:soa:ObjectKey"><ObjectKey class="com.soa.organization.model.OrganizationKey">uddi:88af7f2a-b593-11e4-86ce-86c450a25418</ObjectKey></Node></From><To><Node type="urn:com:soa:ObjectKey"><ObjectKey class="com.soa.service.model.ServiceKey">uddi:42f77fbd-8a3a-11e4-b5c8-fd5ef4f56435</ObjectKey></Node></To></Link><Link type="process->process:refer"><From><Node type="urn:com:soa:ObjectKey"><ObjectKey class="com.soa.bpel.BpelKey">bpel:bf1a3a40-8a3e-11e4-b5c8-fd5ef4f56435</ObjectKey></Node></From><To><Node type="urn:com:soa:ObjectKey"><ObjectKey class="com.soa.bpel.BpelKey">bpel:ec5880c3-73e7-11e4-8041-92f47835f0a7</ObjectKey></Node></To></Link><Link type="bndoperation->service:parent"><From><Node type="urn:com:soa:ObjectKey"><ObjectKey class="com.soa.service.operation.model.BindingOperationQualifiedKey">{http://www.soa.com/trialleads}TrialLeads_API_Binding$$${http://www.soa.com/trialleads}TrialLeads_API_Binding$$$GET__leads</ObjectKey></Node></From><To><Node type="urn:com:soa:ObjectKey"><ObjectKey class="com.soa.service.model.ServiceKey">uddi:42f77fbd-8a3a-11e4-b5c8-fd5ef4f56435</ObjectKey></Node></To></Link></Links></DepedendencyGraph>