<?xml version="1.0" encoding="UTF-8"?>
<process name="POST__leads" ns2:processKey="bpel:bf1a3a40-8a3e-11e4-b5c8-fd5ef4f56435" targetNamespace="http://www.soa.com/trialleads" xmlns="http://schemas.xmlsoap.org/ws/2003/03/business-process/" xmlns:ns10="http://soa.com/capabilities/service/virtualization/bpel/activity" xmlns:ns2="http://soa.com/bpel/ext" xmlns:ns3="http://soa.com/capabilities/service/virtualization/bpel" xmlns:ns4="http://schemas.xmlsoap.org/ws/2006/02/addressingidentity" xmlns:ns5="http://www.w3.org/2000/09/xmldsig#" xmlns:ns6="http://docs.oasis-open.org/wss/2004/01/oasis-200401-wss-wssecurity-secext-1.0.xsd" xmlns:ns7="http://docs.oasis-open.org/wss/2004/01/oasis-200401-wss-wssecurity-utility-1.0.xsd" xmlns:ns8="http://schemas.xmlsoap.org/ws/2004/09/mex" xmlns:ns9="http://schemas.xmlsoap.org/ws/2003/05/partner-link/"><ns9:partnerLinkType name="TrialLeads_API_PortTypeProvider"><ns9:role name="Provider"><ns9:portType name="ns11:TrialLeads_API_PortType" xmlns:ns11="http://www.soa.com/trialleads"/></ns9:role></ns9:partnerLinkType><ns9:partnerLinkType name="ActivityPortTypeConsumer"><ns9:role name="Consumer"><ns9:portType name="ns10:ActivityPortType"/></ns9:role></ns9:partnerLinkType><ns10:Activities><ns10:Activity ActivityType="ns11:ScriptedActivity" LastUpdated="1425959769942" Name="SaveInputJSON" xmlns:ns11="http://soa.com/uri/products/activity/script/xsd/1.0"><ns2:ScriptedActivity xmlns="http://soa.com/uri/products/activity/audit/xsd/1.0" xmlns:ns2="http://soa.com/uri/products/activity/script/xsd/1.0" xmlns:ns3="http://soa.com/uri/products/activity/stripxml/xsd/1.0" xmlns:ns4="http://soa.com/uri/products/activity/xform/xsd/1.0" xmlns:ns5="http://soa.com/uri/products/activity/process/xsd/1.0" xmlns:ns6="http://soa.com/uri/products/activity/insertxml/xsd/1.0" xmlns:ns7="http://soa.com/uri/products/activity/insertcontent/xsd/1.0"><ns2:Language>js</ns2:Language><ns2:Script>// *************************************************************
// *************************************************************
// **  Store the input for later use
// **
// **  
// **
// *************************************************************
// *************************************************************
auditLog.debug("Start Configure input Store");

//Get current message
var msg = processContext.getVariable("message");

//Set request body
var msgJSON = JSON.parse(msg.getContentAsString());
var lead = JSON.stringify(msgJSON);



//store the lead details
auditLog.debug("lead is: " +  msg.getContentAsString());
processContext.setVariable("lead", msg.getContentAsString());

auditLog.debug("End Conifgure input Store");</ns2:Script></ns2:ScriptedActivity></ns10:Activity><ns10:Activity ActivityType="ns11:ProcessActivity" LastUpdated="1425959769942" Name="PostLeadToSF" xmlns:ns11="http://soa.com/uri/products/activity/process/xsd/1.0"><ns5:ProcessActivity xmlns="http://soa.com/uri/products/activity/audit/xsd/1.0" xmlns:ns2="http://soa.com/uri/products/activity/script/xsd/1.0" xmlns:ns3="http://soa.com/uri/products/activity/stripxml/xsd/1.0" xmlns:ns4="http://soa.com/uri/products/activity/xform/xsd/1.0" xmlns:ns5="http://soa.com/uri/products/activity/process/xsd/1.0" xmlns:ns6="http://soa.com/uri/products/activity/insertxml/xsd/1.0" xmlns:ns7="http://soa.com/uri/products/activity/insertcontent/xsd/1.0" xmlns:ns8="http://docs.oasis-open.org/wss/2004/01/oasis-200401-wss-wssecurity-utility-1.0.xsd"><ns5:ProcessID>bpel:ec5880c3-73e7-11e4-8041-92f47835f0a7</ns5:ProcessID></ns5:ProcessActivity></ns10:Activity><ns10:Activity ActivityType="ns11:ProcessActivity" LastUpdated="1425959769942" Name="AddToBoxLeads" xmlns:ns11="http://soa.com/uri/products/activity/process/xsd/1.0"><ns5:ProcessActivity xmlns="http://soa.com/uri/products/activity/audit/xsd/1.0" xmlns:ns2="http://soa.com/uri/products/activity/script/xsd/1.0" xmlns:ns3="http://soa.com/uri/products/activity/stripxml/xsd/1.0" xmlns:ns4="http://soa.com/uri/products/activity/xform/xsd/1.0" xmlns:ns5="http://soa.com/uri/products/activity/process/xsd/1.0" xmlns:ns6="http://soa.com/uri/products/activity/insertxml/xsd/1.0" xmlns:ns7="http://soa.com/uri/products/activity/insertcontent/xsd/1.0" xmlns:ns8="http://docs.oasis-open.org/wss/2004/01/oasis-200401-wss-wssecurity-utility-1.0.xsd"><ns5:ProcessID>bpel:0b25d926-ba2a-11e4-b601-c3008ab26c84</ns5:ProcessID></ns5:ProcessActivity></ns10:Activity><ns10:Activity ActivityType="ns11:ScriptedActivity" LastUpdated="1425959769942" Name="InsertSuccess" xmlns:ns11="http://soa.com/uri/products/activity/script/xsd/1.0"><ns2:ScriptedActivity xmlns="http://soa.com/uri/products/activity/audit/xsd/1.0" xmlns:ns2="http://soa.com/uri/products/activity/script/xsd/1.0" xmlns:ns3="http://soa.com/uri/products/activity/stripxml/xsd/1.0" xmlns:ns4="http://soa.com/uri/products/activity/xform/xsd/1.0" xmlns:ns5="http://soa.com/uri/products/activity/process/xsd/1.0" xmlns:ns6="http://soa.com/uri/products/activity/insertxml/xsd/1.0" xmlns:ns7="http://soa.com/uri/products/activity/insertcontent/xsd/1.0"><ns2:Language>js</ns2:Language><ns2:Script>// *************************************************************
// *************************************************************
// **
// **  process the response of the HTTP request Script
// **
// **  Inserts the success message into the response
// **
// *************************************************************
// *************************************************************
var success = msgFactory.create("application/json");
var content = '{"salesForceStatus":"Success", "Box":"Success"}';

var msgJSON = JSON.parse(content);

success.setStringContent(JSON.stringify(msgJSON));

processContext.setVariable("message", success);</ns2:Script></ns2:ScriptedActivity></ns10:Activity></ns10:Activities><ns9:partnerLinkType name="SmartyStreets_API_PortTypeConsumer"><ns9:role name="Consumer"><ns9:portType name="ns11:SmartyStreets_API_PortType" xmlns:ns11="https://api.smartystreets.com"/></ns9:role></ns9:partnerLinkType><ns9:partnerLinkType name="MailGun_API_PortTypeConsumer"><ns9:role name="Consumer"><ns9:portType name="ns11:MailGun_API_PortType" xmlns:ns11="https://api.mailgun.net/v2"/></ns9:role></ns9:partnerLinkType><partnerLinks><partnerLink myRole="Provider" name="initial" partnerLinkType="ns11:TrialLeads_API_PortTypeProvider" xmlns:ns11="http://www.soa.com/trialleads"/><partnerLink myRole="Consumer" name="Activity" partnerLinkType="ns11:ActivityPortTypeConsumer" xmlns:ns11="http://www.soa.com/trialleads"/><partnerLink myRole="Consumer" name="SmartyStreets_API_PortTypePartnerLink" partnerLinkType="ns11:SmartyStreets_API_PortTypeConsumer" xmlns:ns11="http://www.soa.com/trialleads"/><partnerLink myRole="Consumer" name="MailGun_API_PortTypePartnerLink" partnerLinkType="ns11:MailGun_API_PortTypeConsumer" xmlns:ns11="http://www.soa.com/trialleads"/></partnerLinks><variables><variable messageType="ns11:ActivityMessage" name="message" xmlns:ns11="http://soa.com/process/activity"/><variable messageType="ns11:ActivityMessage" name="fault" xmlns:ns11="http://soa.com/process/activity"/><variable messageType="ns11:ActivityMessage" name="validationOutput" xmlns:ns11="http://soa.com/process/activity"/><variable messageType="ns11:ActivityMessage" name="smartInput" xmlns:ns11="http://soa.com/process/activity"/><variable messageType="ns11:ActivityMessage" name="validateEmailOut" xmlns:ns11="http://soa.com/process/activity"/><variable messageType="ns11:ActivityMessage" name="validateEmailIn" xmlns:ns11="http://soa.com/process/activity"/><variable messageType="ns11:ActivityMessage" name="SalesInput" xmlns:ns11="http://soa.com/process/activity"/><variable messageType="ns11:ActivityMessage" name="errorMessage" xmlns:ns11="http://soa.com/process/activity"/><variable messageType="ns11:ActivityMessage" name="successMessage" xmlns:ns11="http://soa.com/process/activity"/><variable messageType="ns11:ActivityMessage" name="salesOutput" xmlns:ns11="http://soa.com/process/activity"/></variables><faultHandlers><catchAll><sequence><reply faultName="ns2:ExistingFault" name="FaultReply" operation="POST__leads" partnerLink="initial" portType="ns11:TrialLeads_API_PortType" variable="fault" xmlns:ns11="http://www.soa.com/trialleads"/></sequence></catchAll></faultHandlers><sequence><receive createInstance="yes" name="Receive" operation="POST__leads" partnerLink="initial" portType="ns11:TrialLeads_API_PortType" variable="message" xmlns:ns11="http://www.soa.com/trialleads"/><invoke inputVariable="message" name="SaveInputJSON" operation="invoke" outputVariable="message" partnerLink="Activity" portType="ns10:ActivityPortType"><ns2:InvocationExt endpoint="SaveInputJSON" propagateExchange="true" service="ns10:ActivityService"/></invoke><invoke inputVariable="message" name="PostLeadToSF" operation="invoke" outputVariable="message" partnerLink="Activity" portType="ns10:ActivityPortType"><ns2:InvocationExt endpoint="PostLeadToSF" propagateExchange="true" service="ns10:ActivityService"/></invoke><invoke inputVariable="message" name="AddToBoxLeads" operation="invoke" outputVariable="message" partnerLink="Activity" portType="ns10:ActivityPortType"><ns2:InvocationExt endpoint="AddToBoxLeads" propagateExchange="true" service="ns10:ActivityService"/></invoke><invoke inputVariable="message" name="InsertSuccess" operation="invoke" outputVariable="message" partnerLink="Activity" portType="ns10:ActivityPortType"><ns2:InvocationExt endpoint="InsertSuccess" propagateExchange="true" service="ns10:ActivityService"/></invoke><reply name="Reply2" operation="POST__leads" partnerLink="initial" portType="ns11:TrialLeads_API_PortType" variable="message" xmlns:ns11="http://www.soa.com/trialleads"/></sequence></process>