<?xml version="1.0" encoding="UTF-8"?>
<process name="PostToMailGun" ns11:description="PostToMailGun" ns11:name="PostToMailGun" ns11:orgKey="uddi:88af7f2a-b593-11e4-86ce-86c450a25418" ns2:processKey="bpel:03d67568-73ec-11e4-8041-92f47835f0a7" targetNamespace="http://soa.com/processs" xmlns="http://schemas.xmlsoap.org/ws/2003/03/business-process/" xmlns:ns10="http://soa.com/capabilities/service/virtualization/bpel/activity" xmlns:ns11="http://soa.com/bpel/export" xmlns:ns2="http://soa.com/bpel/ext" xmlns:ns3="http://soa.com/capabilities/service/virtualization/bpel" xmlns:ns4="http://schemas.xmlsoap.org/ws/2004/09/mex" xmlns:ns5="http://schemas.xmlsoap.org/ws/2006/02/addressingidentity" xmlns:ns6="http://www.w3.org/2000/09/xmldsig#" xmlns:ns7="http://docs.oasis-open.org/wss/2004/01/oasis-200401-wss-wssecurity-secext-1.0.xsd" xmlns:ns8="http://docs.oasis-open.org/wss/2004/01/oasis-200401-wss-wssecurity-utility-1.0.xsd" xmlns:ns9="http://schemas.xmlsoap.org/ws/2003/05/partner-link/"><ns9:partnerLinkType name="ActivityPortTypeConsumer"><ns9:role name="Consumer"><ns9:portType name="ns10:ActivityPortType"/></ns9:role></ns9:partnerLinkType><ns10:Activities><ns10:Activity ActivityType="ns12:ScriptedActivity" LastUpdated="1417634941491" Name="ConfigureMailGunPost" xmlns:ns12="http://soa.com/uri/products/activity/script/xsd/1.0"><ns2:ScriptedActivity xmlns="http://soa.com/uri/products/activity/audit/xsd/1.0" xmlns:ns11="http://soa.com/uri/products/activity/script/xsd/1.0" xmlns:ns2="http://soa.com/uri/products/activity/script/xsd/1.0" xmlns:ns3="http://soa.com/uri/products/activity/stripxml/xsd/1.0" xmlns:ns4="http://soa.com/uri/products/activity/xform/xsd/1.0" xmlns:ns5="http://soa.com/uri/products/activity/process/xsd/1.0" xmlns:ns6="http://soa.com/uri/products/activity/insertxml/xsd/1.0" xmlns:ns7="http://soa.com/uri/products/activity/insertcontent/xsd/1.0"><ns11:Language>js</ns11:Language><ns11:Script>auditLog.debug("Start Config Mail Gun");
var msg= processContext.getVariable("message");
var msgJSON = JSON.parse(msg.getContentAsString());

auditLog.debug("Configure MailGun");

//Create new message for invoke
var addEmailMessage = msgFactory.create("application/x-www-form-urlencoded");

//set which mailing list to add to
var paraprop = new java.util.HashMap();
paraprop.put("address", "laura@mail.soa.com");
addEmailMessage.setProperty("http.binding.path.params", paraprop);

//set basic auth for MailGun
headers = addEmailMessage.createTransportHeaders();
headers.add("Authorization", "Basic YXBpOmtleS0wZmEwYmU5ZTUzMTRjMmQ2NTViYTE1NDE5OTIzNWQ1MA==");
addEmailMessage.setTransportHeaders(headers);

//build request to add member
var newQueryString ="address=" + msgJSON.Email + "&amp;subscribed=True&amp;name=" + msgJSON.FirstName +" " +msgJSON.LastName;

//Add a variable for MailGun to hold more info
var mkvars = '&amp;vars={"salesforceId":"' + msgJSON.SalesForceId +'"}';

var newQueryString = newQueryString + mkvars;


addEmailMessage.setProperty("com.soa.message.TRANSPORT_QUERY", newQueryString.toString());

addEmailMessage.setStringContent(newQueryString);

processContext.setVariable("addListIn", addEmailMessage);

auditLog.debug("Done Configuring MailGun");
</ns11:Script></ns2:ScriptedActivity></ns10:Activity></ns10:Activities><ns9:partnerLinkType name="MailGun_API_PortTypeConsumer"><ns9:role name="Consumer"><ns9:portType name="ns12:MailGun_API_PortType" xmlns:ns12="https://api.mailgun.net/v2"/></ns9:role></ns9:partnerLinkType><partnerLinks><partnerLink myRole="Consumer" name="Activity" partnerLinkType="ns12:ActivityPortTypeConsumer" xmlns:ns12="http://soa.com/processs"/><partnerLink myRole="Consumer" name="MailGun_API_PortTypePartnerLink" partnerLinkType="ns12:MailGun_API_PortTypeConsumer" xmlns:ns12="http://soa.com/processs"/></partnerLinks><variables><variable messageType="ns12:ActivityMessage" name="message" xmlns:ns12="http://soa.com/process/activity"/><variable messageType="ns12:ActivityMessage" name="fault" xmlns:ns12="http://soa.com/process/activity"/><variable messageType="ns12:ActivityMessage" name="addListIn" xmlns:ns12="http://soa.com/process/activity"/><variable messageType="ns12:ActivityMessage" name="addListOut" xmlns:ns12="http://soa.com/process/activity"/></variables><sequence><invoke inputVariable="message" name="ConfigureMailGunPost" operation="invoke" outputVariable="message" partnerLink="Activity" portType="ns10:ActivityPortType"><ns2:InvocationExt endpoint="ConfigureMailGunPost" propagateExchange="true" service="ns10:ActivityService"/></invoke><invoke inputVariable="addListIn" name="PostToMailGun" operation="POST__lists__address__members" outputVariable="addListOut" partnerLink="MailGun_API_PortTypePartnerLink" portType="ns12:MailGun_API_PortType" xmlns:ns12="https://api.mailgun.net/v2"><ns2:InvocationExt service="ns12:MailGun_API"><ns2:Audit/></ns2:InvocationExt></invoke></sequence></process>