<?xml version="1.0" encoding="UTF-8"?>
<process name="PostInvalidToMongo" ns11:description="Post Invalid Addresses and Emails to Mongo" ns11:name="PostInvalidToMongo" ns11:orgKey="uddi:88af7f2a-b593-11e4-86ce-86c450a25418" ns2:processKey="bpel:80fb588f-70d8-11e4-aac9-abab048c21b3" targetNamespace="http://soa.com/processs" xmlns="http://schemas.xmlsoap.org/ws/2003/03/business-process/" xmlns:ns10="http://soa.com/capabilities/service/virtualization/bpel/activity" xmlns:ns11="http://soa.com/bpel/export" xmlns:ns2="http://soa.com/bpel/ext" xmlns:ns3="http://soa.com/capabilities/service/virtualization/bpel" xmlns:ns4="http://schemas.xmlsoap.org/ws/2004/09/mex" xmlns:ns5="http://schemas.xmlsoap.org/ws/2006/02/addressingidentity" xmlns:ns6="http://www.w3.org/2000/09/xmldsig#" xmlns:ns7="http://docs.oasis-open.org/wss/2004/01/oasis-200401-wss-wssecurity-secext-1.0.xsd" xmlns:ns8="http://docs.oasis-open.org/wss/2004/01/oasis-200401-wss-wssecurity-utility-1.0.xsd" xmlns:ns9="http://schemas.xmlsoap.org/ws/2003/05/partner-link/"><ns9:partnerLinkType name="ActivityPortTypeConsumer"><ns9:role name="Consumer"><ns9:portType name="ns10:ActivityPortType"/></ns9:role></ns9:partnerLinkType><ns10:Activities><ns10:Activity ActivityType="ns12:ScriptedActivity" LastUpdated="1416799026087" Name="BadAddressEmail" xmlns:ns12="http://soa.com/uri/products/activity/script/xsd/1.0"><ns2:ScriptedActivity xmlns="http://soa.com/uri/products/activity/audit/xsd/1.0" xmlns:ns11="http://soa.com/uri/products/activity/script/xsd/1.0" xmlns:ns2="http://soa.com/uri/products/activity/script/xsd/1.0" xmlns:ns3="http://soa.com/uri/products/activity/stripxml/xsd/1.0" xmlns:ns4="http://soa.com/uri/products/activity/xform/xsd/1.0" xmlns:ns5="http://soa.com/uri/products/activity/process/xsd/1.0" xmlns:ns6="http://soa.com/uri/products/activity/insertxml/xsd/1.0" xmlns:ns7="http://soa.com/uri/products/activity/insertcontent/xsd/1.0"><ns11:Language>js</ns11:Language><ns11:Script>auditLog.debug("Not a Valid Address");
var msg = processContext.getVariable("message");
var paraprop = new java.util.HashMap();
paraprop.put("db", "salesforce");
paraprop.put("collection","invalid");
msg.setProperty("http.binding.path.params", paraprop);
auditLog.debug("body =" + msg.normalize().getContentAsString());
</ns11:Script></ns2:ScriptedActivity></ns10:Activity></ns10:Activities><ns9:partnerLinkType name="Crest_PortTypeConsumer"><ns9:role name="Consumer"><ns9:portType name="ns12:Crest_PortType" xmlns:ns12="http://localhost:3500"/></ns9:role></ns9:partnerLinkType><partnerLinks><partnerLink myRole="Consumer" name="Activity" partnerLinkType="ns12:ActivityPortTypeConsumer" xmlns:ns12="http://soa.com/processs"/><partnerLink myRole="Consumer" name="Crest_PortTypePartnerLink" partnerLinkType="ns12:Crest_PortTypeConsumer" xmlns:ns12="http://soa.com/processs"/></partnerLinks><variables><variable messageType="ns12:ActivityMessage" name="message" xmlns:ns12="http://soa.com/process/activity"/><variable messageType="ns12:ActivityMessage" name="fault" xmlns:ns12="http://soa.com/process/activity"/><variable messageType="ns12:ActivityMessage" name="salesOutput" xmlns:ns12="http://soa.com/process/activity"/></variables><sequence><invoke inputVariable="message" name="BadAddressEmail" operation="invoke" outputVariable="message" partnerLink="Activity" portType="ns10:ActivityPortType"><ns2:InvocationExt endpoint="BadAddressEmail" propagateExchange="true" service="ns10:ActivityService"/></invoke><invoke inputVariable="message" name="PostToInvalidMongoCollection" operation="POST___db___collection_" outputVariable="message" partnerLink="Crest_PortTypePartnerLink" portType="ns12:Crest_PortType" xmlns:ns12="http://localhost:3500"><ns2:InvocationExt service="ns12:Crest"/></invoke></sequence></process>