<?xml version="1.0" encoding="UTF-8"?>
<ActivityGraph xmlns="http://soa.com/uri/products/activity/graph/xsd/1.0"><PositionElements><Position ActivityName="Receive"><XPosition>80</XPosition><YPosition>70</YPosition></Position><Position ActivityName="SaveInputJSON"><XPosition>200</XPosition><YPosition>50</YPosition></Position><Position ActivityName="PostLeadToSF"><XPosition>320</XPosition><YPosition>50</YPosition></Position><Position ActivityName="AddToBoxLeads"><XPosition>450</XPosition><YPosition>50</YPosition></Position><Position ActivityName="InsertSuccess"><XPosition>560</XPosition><YPosition>50</YPosition></Position><Position ActivityName="Reply2"><XPosition>760</XPosition><YPosition>80</YPosition></Position></PositionElements></ActivityGraph>